id,type,src,dst,app,latency,message,ctime,size,buffer
1,LINK,1,0,App_0,1.7928481153916844,M.Action,5,1048576,0
2,LINK,3,0,App_1,2.0566045578320256,M.Action,5,1048576,1
3,LINK,5,0,App_2,2.1455400942977323,M.Action,5,1048576,2
1,LINK,0,2,App_0,2.224647080563478,M.Result,7.402817405231673,1048576,0
2,LINK,0,4,App_1,1.816899782895167,M.Result,7.666573847672014,1048576,1
3,LINK,0,6,App_2,2.1716488025510645,M.Result,7.755509384137721,1048576,2
4,LINK,1,0,App_0,1.7928481153916844,M.Action,10,1048576,0
5,LINK,3,0,App_1,2.0566045578320256,M.Action,10,1048576,1
6,LINK,5,0,App_2,2.1455400942977323,M.Action,10,1048576,2
4,LINK,0,2,App_0,2.224647080563478,M.Result,12.402817405231673,1048576,0
5,LINK,0,4,App_1,1.816899782895167,M.Result,12.666573847672014,1048576,1
6,LINK,0,6,App_2,2.1716488025510645,M.Result,12.75550938413772,1048576,2
7,LINK,1,0,App_0,1.7928481153916844,M.Action,15,1048576,0
8,LINK,3,0,App_1,2.0566045578320256,M.Action,15,1048576,1
9,LINK,5,0,App_2,2.1455400942977323,M.Action,15,1048576,2
7,LINK,0,2,App_0,2.224647080563478,M.Result,17.402817405231673,1048576,0
8,LINK,0,4,App_1,1.816899782895167,M.Result,17.666573847672012,1048576,1
9,LINK,0,6,App_2,2.1716488025510645,M.Result,17.75550938413772,1048576,2
10,LINK,1,0,App_0,1.7928481153916844,M.Action,20,1048576,0
11,LINK,3,0,App_1,2.0566045578320256,M.Action,20,1048576,1
12,LINK,5,0,App_2,2.1455400942977323,M.Action,20,1048576,2
10,LINK,0,2,App_0,2.224647080563478,M.Result,22.402817405231673,1048576,0
11,LINK,0,4,App_1,1.816899782895167,M.Result,22.666573847672012,1048576,1
12,LINK,0,6,App_2,2.1716488025510645,M.Result,22.75550938413772,1048576,2
13,LINK,1,0,App_0,1.7928481153916844,M.Action,25,1048576,0
14,LINK,3,0,App_1,2.0566045578320256,M.Action,25,1048576,1
15,LINK,5,0,App_2,2.1455400942977323,M.Action,25,1048576,2
13,LINK,0,2,App_0,2.224647080563478,M.Result,27.402817405231673,1048576,0
14,LINK,0,4,App_1,1.816899782895167,M.Result,27.666573847672012,1048576,1
15,LINK,0,6,App_2,2.1716488025510645,M.Result,27.75550938413772,1048576,2
16,LINK,1,0,App_0,1.7928481153916844,M.Action,30,1048576,0
17,LINK,3,0,App_1,2.0566045578320256,M.Action,30,1048576,1
18,LINK,5,0,App_2,2.1455400942977323,M.Action,30,1048576,2
16,LINK,0,2,App_0,2.224647080563478,M.Result,32.40281740523167,1048576,0
17,LINK,0,4,App_1,1.816899782895167,M.Result,32.66657384767201,1048576,1
18,LINK,0,6,App_2,2.1716488025510645,M.Result,32.75550938413772,1048576,2
19,LINK,1,0,App_0,1.7928481153916844,M.Action,35,1048576,0
20,LINK,3,0,App_1,2.0566045578320256,M.Action,35,1048576,1
21,LINK,5,0,App_2,2.1455400942977323,M.Action,35,1048576,2
19,LINK,0,2,App_0,2.224647080563478,M.Result,37.40281740523167,1048576,0
20,LINK,0,4,App_1,1.816899782895167,M.Result,37.66657384767201,1048576,1
21,LINK,0,6,App_2,2.1716488025510645,M.Result,37.75550938413772,1048576,2
22,LINK,1,0,App_0,1.7928481153916844,M.Action,40,1048576,0
23,LINK,3,0,App_1,2.0566045578320256,M.Action,40,1048576,1
24,LINK,5,0,App_2,2.1455400942977323,M.Action,40,1048576,2
22,LINK,0,2,App_0,2.224647080563478,M.Result,42.40281740523167,1048576,0
23,LINK,0,4,App_1,1.816899782895167,M.Result,42.66657384767201,1048576,1
24,LINK,0,6,App_2,2.1716488025510645,M.Result,42.75550938413772,1048576,2
25,LINK,1,0,App_0,1.7928481153916844,M.Action,45,1048576,0
26,LINK,3,0,App_1,2.0566045578320256,M.Action,45,1048576,1
27,LINK,5,0,App_2,2.1455400942977323,M.Action,45,1048576,2
25,LINK,0,2,App_0,2.224647080563478,M.Result,47.40281740523167,1048576,0
26,LINK,0,4,App_1,1.816899782895167,M.Result,47.66657384767201,1048576,1
27,LINK,0,6,App_2,2.1716488025510645,M.Result,47.75550938413772,1048576,2
28,LINK,1,0,App_0,1.7928481153916844,M.Action,50,1048576,0
29,LINK,3,0,App_1,2.0566045578320256,M.Action,50,1048576,1
30,LINK,5,0,App_2,2.1455400942977323,M.Action,50,1048576,2
28,LINK,0,2,App_0,2.224647080563478,M.Result,52.40281740523167,1048576,0
29,LINK,0,4,App_1,1.816899782895167,M.Result,52.66657384767201,1048576,1
30,LINK,0,6,App_2,2.1716488025510645,M.Result,52.75550938413772,1048576,2
31,LINK,1,0,App_0,1.7928481153916844,M.Action,55,1048576,0
32,LINK,3,0,App_1,2.0566045578320256,M.Action,55,1048576,1
33,LINK,5,0,App_2,2.1455400942977323,M.Action,55,1048576,2
31,LINK,0,2,App_0,2.224647080563478,M.Result,57.40281740523167,1048576,0
32,LINK,0,4,App_1,1.816899782895167,M.Result,57.66657384767201,1048576,1
33,LINK,0,6,App_2,2.1716488025510645,M.Result,57.75550938413772,1048576,2
34,LINK,1,0,App_0,1.7928481153916844,M.Action,60,1048576,0
35,LINK,3,0,App_1,2.0566045578320256,M.Action,60,1048576,1
36,LINK,5,0,App_2,2.1455400942977323,M.Action,60,1048576,2
34,LINK,0,2,App_0,2.224647080563478,M.Result,62.40281740523167,1048576,0
35,LINK,0,4,App_1,1.816899782895167,M.Result,62.66657384767201,1048576,1
36,LINK,0,6,App_2,2.1716488025510645,M.Result,62.75550938413772,1048576,2
37,LINK,1,0,App_0,1.7928481153916844,M.Action,65,1048576,0
38,LINK,3,0,App_1,2.0566045578320256,M.Action,65,1048576,1
39,LINK,5,0,App_2,2.1455400942977323,M.Action,65,1048576,2
37,LINK,0,2,App_0,2.224647080563478,M.Result,67.40281740523166,1048576,0
38,LINK,0,4,App_1,1.816899782895167,M.Result,67.66657384767201,1048576,1
39,LINK,0,6,App_2,2.1716488025510645,M.Result,67.75550938413771,1048576,2
40,LINK,1,0,App_0,1.7928481153916844,M.Action,70,1048576,0
41,LINK,3,0,App_1,2.0566045578320256,M.Action,70,1048576,1
42,LINK,5,0,App_2,2.1455400942977323,M.Action,70,1048576,2
40,LINK,0,2,App_0,2.224647080563478,M.Result,72.40281740523166,1048576,0
41,LINK,0,4,App_1,1.816899782895167,M.Result,72.66657384767201,1048576,1
42,LINK,0,6,App_2,2.1716488025510645,M.Result,72.75550938413771,1048576,2
43,LINK,1,0,App_0,1.7928481153916844,M.Action,75,1048576,0
44,LINK,3,0,App_1,2.0566045578320256,M.Action,75,1048576,1
45,LINK,5,0,App_2,2.1455400942977323,M.Action,75,1048576,2
43,LINK,0,2,App_0,2.224647080563478,M.Result,77.40281740523166,1048576,0
44,LINK,0,4,App_1,1.816899782895167,M.Result,77.66657384767201,1048576,1
45,LINK,0,6,App_2,2.1716488025510645,M.Result,77.75550938413771,1048576,2
46,LINK,1,0,App_0,1.7928481153916844,M.Action,80,1048576,0
47,LINK,3,0,App_1,2.0566045578320256,M.Action,80,1048576,1
48,LINK,5,0,App_2,2.1455400942977323,M.Action,80,1048576,2
46,LINK,0,2,App_0,2.224647080563478,M.Result,82.40281740523166,1048576,0
47,LINK,0,4,App_1,1.816899782895167,M.Result,82.66657384767201,1048576,1
48,LINK,0,6,App_2,2.1716488025510645,M.Result,82.75550938413771,1048576,2
49,LINK,1,0,App_0,1.7928481153916844,M.Action,85,1048576,0
50,LINK,3,0,App_1,2.0566045578320256,M.Action,85,1048576,1
51,LINK,5,0,App_2,2.1455400942977323,M.Action,85,1048576,2
49,LINK,0,2,App_0,2.224647080563478,M.Result,87.40281740523166,1048576,0
50,LINK,0,4,App_1,1.816899782895167,M.Result,87.66657384767201,1048576,1
51,LINK,0,6,App_2,2.1716488025510645,M.Result,87.75550938413771,1048576,2
52,LINK,1,0,App_0,1.7928481153916844,M.Action,90,1048576,0
53,LINK,3,0,App_1,2.0566045578320256,M.Action,90,1048576,1
54,LINK,5,0,App_2,2.1455400942977323,M.Action,90,1048576,2
52,LINK,0,2,App_0,2.224647080563478,M.Result,92.40281740523166,1048576,0
53,LINK,0,4,App_1,1.816899782895167,M.Result,92.66657384767201,1048576,1
54,LINK,0,6,App_2,2.1716488025510645,M.Result,92.75550938413771,1048576,2
55,LINK,1,0,App_0,1.7928481153916844,M.Action,95,1048576,0
56,LINK,3,0,App_1,2.0566045578320256,M.Action,95,1048576,1
57,LINK,5,0,App_2,2.1455400942977323,M.Action,95,1048576,2
55,LINK,0,2,App_0,2.224647080563478,M.Result,97.40281740523166,1048576,0
56,LINK,0,4,App_1,1.816899782895167,M.Result,97.66657384767201,1048576,1
57,LINK,0,6,App_2,2.1716488025510645,M.Result,97.75550938413771,1048576,2
58,LINK,1,0,App_0,1.7928481153916844,M.Action,100,1048576,0
59,LINK,3,0,App_1,2.0566045578320256,M.Action,100,1048576,1
60,LINK,5,0,App_2,2.1455400942977323,M.Action,100,1048576,2
58,LINK,0,2,App_0,2.224647080563478,M.Result,102.40281740523166,1048576,0
59,LINK,0,4,App_1,1.816899782895167,M.Result,102.66657384767201,1048576,1
60,LINK,0,6,App_2,2.1716488025510645,M.Result,102.75550938413771,1048576,2
61,LINK,1,0,App_0,1.7928481153916844,M.Action,105,1048576,0
62,LINK,3,0,App_1,2.0566045578320256,M.Action,105,1048576,1
63,LINK,5,0,App_2,2.1455400942977323,M.Action,105,1048576,2
61,LINK,0,2,App_0,2.224647080563478,M.Result,107.40281740523166,1048576,0
62,LINK,0,4,App_1,1.816899782895167,M.Result,107.66657384767201,1048576,1
63,LINK,0,6,App_2,2.1716488025510645,M.Result,107.75550938413771,1048576,2
64,LINK,1,0,App_0,1.7928481153916844,M.Action,110,1048576,0
65,LINK,3,0,App_1,2.0566045578320256,M.Action,110,1048576,1
66,LINK,5,0,App_2,2.1455400942977323,M.Action,110,1048576,2
64,LINK,0,2,App_0,2.224647080563478,M.Result,112.40281740523166,1048576,0
65,LINK,0,4,App_1,1.816899782895167,M.Result,112.66657384767201,1048576,1
66,LINK,0,6,App_2,2.1716488025510645,M.Result,112.75550938413771,1048576,2
67,LINK,1,0,App_0,1.7928481153916844,M.Action,115,1048576,0
68,LINK,3,0,App_1,2.0566045578320256,M.Action,115,1048576,1
69,LINK,5,0,App_2,2.1455400942977323,M.Action,115,1048576,2
67,LINK,0,2,App_0,2.224647080563478,M.Result,117.40281740523166,1048576,0
68,LINK,0,4,App_1,1.816899782895167,M.Result,117.66657384767201,1048576,1
69,LINK,0,6,App_2,2.1716488025510645,M.Result,117.75550938413771,1048576,2
70,LINK,1,0,App_0,1.7928481153916844,M.Action,120,1048576,0
71,LINK,3,0,App_1,2.0566045578320256,M.Action,120,1048576,1
72,LINK,5,0,App_2,2.1455400942977323,M.Action,120,1048576,2
70,LINK,0,2,App_0,2.224647080563478,M.Result,122.40281740523166,1048576,0
71,LINK,0,4,App_1,1.816899782895167,M.Result,122.66657384767201,1048576,1
72,LINK,0,6,App_2,2.1716488025510645,M.Result,122.75550938413771,1048576,2
73,LINK,1,0,App_0,1.7928481153916844,M.Action,125,1048576,0
74,LINK,3,0,App_1,2.0566045578320256,M.Action,125,1048576,1
75,LINK,5,0,App_2,2.1455400942977323,M.Action,125,1048576,2
73,LINK,0,2,App_0,2.224647080563478,M.Result,127.40281740523166,1048576,0
74,LINK,0,4,App_1,1.816899782895167,M.Result,127.66657384767201,1048576,1
75,LINK,0,6,App_2,2.1716488025510645,M.Result,127.75550938413771,1048576,2
76,LINK,1,0,App_0,1.7928481153916844,M.Action,130,1048576,0
77,LINK,3,0,App_1,2.0566045578320256,M.Action,130,1048576,1
78,LINK,5,0,App_2,2.1455400942977323,M.Action,130,1048576,2
76,LINK,0,2,App_0,2.224647080563478,M.Result,132.40281740523167,1048576,0
77,LINK,0,4,App_1,1.816899782895167,M.Result,132.66657384767203,1048576,1
78,LINK,0,6,App_2,2.1716488025510645,M.Result,132.75550938413772,1048576,2
79,LINK,1,0,App_0,1.7928481153916844,M.Action,135,1048576,0
80,LINK,3,0,App_1,2.0566045578320256,M.Action,135,1048576,1
81,LINK,5,0,App_2,2.1455400942977323,M.Action,135,1048576,2
79,LINK,0,2,App_0,2.224647080563478,M.Result,137.40281740523167,1048576,0
80,LINK,0,4,App_1,1.816899782895167,M.Result,137.66657384767203,1048576,1
81,LINK,0,6,App_2,2.1716488025510645,M.Result,137.75550938413772,1048576,2
82,LINK,1,0,App_0,1.7928481153916844,M.Action,140,1048576,0
83,LINK,3,0,App_1,2.0566045578320256,M.Action,140,1048576,1
84,LINK,5,0,App_2,2.1455400942977323,M.Action,140,1048576,2
82,LINK,0,2,App_0,2.224647080563478,M.Result,142.40281740523167,1048576,0
83,LINK,0,4,App_1,1.816899782895167,M.Result,142.66657384767203,1048576,1
84,LINK,0,6,App_2,2.1716488025510645,M.Result,142.75550938413772,1048576,2
85,LINK,1,0,App_0,1.7928481153916844,M.Action,145,1048576,0
86,LINK,3,0,App_1,2.0566045578320256,M.Action,145,1048576,1
87,LINK,5,0,App_2,2.1455400942977323,M.Action,145,1048576,2
85,LINK,0,2,App_0,2.224647080563478,M.Result,147.40281740523167,1048576,0
86,LINK,0,4,App_1,1.816899782895167,M.Result,147.66657384767203,1048576,1
87,LINK,0,6,App_2,2.1716488025510645,M.Result,147.75550938413772,1048576,2
88,LINK,1,0,App_0,1.7928481153916844,M.Action,150,1048576,0
89,LINK,3,0,App_1,2.0566045578320256,M.Action,150,1048576,1
90,LINK,5,0,App_2,2.1455400942977323,M.Action,150,1048576,2
88,LINK,0,2,App_0,2.224647080563478,M.Result,152.40281740523167,1048576,0
89,LINK,0,4,App_1,1.816899782895167,M.Result,152.66657384767203,1048576,1
90,LINK,0,6,App_2,2.1716488025510645,M.Result,152.75550938413772,1048576,2
91,LINK,1,0,App_0,1.7928481153916844,M.Action,155,1048576,0
92,LINK,3,0,App_1,2.0566045578320256,M.Action,155,1048576,1
93,LINK,5,0,App_2,2.1455400942977323,M.Action,155,1048576,2
91,LINK,0,2,App_0,2.224647080563478,M.Result,157.40281740523167,1048576,0
92,LINK,0,4,App_1,1.816899782895167,M.Result,157.66657384767203,1048576,1
93,LINK,0,6,App_2,2.1716488025510645,M.Result,157.75550938413772,1048576,2
94,LINK,1,0,App_0,1.7928481153916844,M.Action,160,1048576,0
95,LINK,3,0,App_1,2.0566045578320256,M.Action,160,1048576,1
96,LINK,5,0,App_2,2.1455400942977323,M.Action,160,1048576,2
94,LINK,0,2,App_0,2.224647080563478,M.Result,162.40281740523167,1048576,0
95,LINK,0,4,App_1,1.816899782895167,M.Result,162.66657384767203,1048576,1
96,LINK,0,6,App_2,2.1716488025510645,M.Result,162.75550938413772,1048576,2
97,LINK,1,0,App_0,1.7928481153916844,M.Action,165,1048576,0
98,LINK,3,0,App_1,2.0566045578320256,M.Action,165,1048576,1
99,LINK,5,0,App_2,2.1455400942977323,M.Action,165,1048576,2
97,LINK,0,2,App_0,2.224647080563478,M.Result,167.40281740523167,1048576,0
98,LINK,0,4,App_1,1.816899782895167,M.Result,167.66657384767203,1048576,1
99,LINK,0,6,App_2,2.1716488025510645,M.Result,167.75550938413772,1048576,2
100,LINK,1,0,App_0,1.7928481153916844,M.Action,170,1048576,0
101,LINK,3,0,App_1,2.0566045578320256,M.Action,170,1048576,1
102,LINK,5,0,App_2,2.1455400942977323,M.Action,170,1048576,2
100,LINK,0,2,App_0,2.224647080563478,M.Result,172.40281740523167,1048576,0
101,LINK,0,4,App_1,1.816899782895167,M.Result,172.66657384767203,1048576,1
102,LINK,0,6,App_2,2.1716488025510645,M.Result,172.75550938413772,1048576,2
103,LINK,1,0,App_0,1.7928481153916844,M.Action,175,1048576,0
104,LINK,3,0,App_1,2.0566045578320256,M.Action,175,1048576,1
105,LINK,5,0,App_2,2.1455400942977323,M.Action,175,1048576,2
103,LINK,0,2,App_0,2.224647080563478,M.Result,177.40281740523167,1048576,0
104,LINK,0,4,App_1,1.816899782895167,M.Result,177.66657384767203,1048576,1
105,LINK,0,6,App_2,2.1716488025510645,M.Result,177.75550938413772,1048576,2
106,LINK,1,0,App_0,1.7928481153916844,M.Action,180,1048576,0
107,LINK,3,0,App_1,2.0566045578320256,M.Action,180,1048576,1
108,LINK,5,0,App_2,2.1455400942977323,M.Action,180,1048576,2
106,LINK,0,2,App_0,2.224647080563478,M.Result,182.40281740523167,1048576,0
107,LINK,0,4,App_1,1.816899782895167,M.Result,182.66657384767203,1048576,1
108,LINK,0,6,App_2,2.1716488025510645,M.Result,182.75550938413772,1048576,2
109,LINK,1,0,App_0,1.7928481153916844,M.Action,185,1048576,0
110,LINK,3,0,App_1,2.0566045578320256,M.Action,185,1048576,1
111,LINK,5,0,App_2,2.1455400942977323,M.Action,185,1048576,2
109,LINK,0,2,App_0,2.224647080563478,M.Result,187.40281740523167,1048576,0
110,LINK,0,4,App_1,1.816899782895167,M.Result,187.66657384767203,1048576,1
111,LINK,0,6,App_2,2.1716488025510645,M.Result,187.75550938413772,1048576,2
112,LINK,1,0,App_0,1.7928481153916844,M.Action,190,1048576,0
113,LINK,3,0,App_1,2.0566045578320256,M.Action,190,1048576,1
114,LINK,5,0,App_2,2.1455400942977323,M.Action,190,1048576,2
112,LINK,0,2,App_0,2.224647080563478,M.Result,192.40281740523167,1048576,0
113,LINK,0,4,App_1,1.816899782895167,M.Result,192.66657384767203,1048576,1
114,LINK,0,6,App_2,2.1716488025510645,M.Result,192.75550938413772,1048576,2
115,LINK,1,0,App_0,1.7928481153916844,M.Action,195,1048576,0
116,LINK,3,0,App_1,2.0566045578320256,M.Action,195,1048576,1
117,LINK,5,0,App_2,2.1455400942977323,M.Action,195,1048576,2
115,LINK,0,2,App_0,2.224647080563478,M.Result,197.40281740523167,1048576,0
116,LINK,0,4,App_1,1.816899782895167,M.Result,197.66657384767203,1048576,1
117,LINK,0,6,App_2,2.1716488025510645,M.Result,197.75550938413772,1048576,2
118,LINK,1,0,App_0,1.7928481153916844,M.Action,200,1048576,0
119,LINK,3,0,App_1,2.0566045578320256,M.Action,200,1048576,1
120,LINK,5,0,App_2,2.1455400942977323,M.Action,200,1048576,2
118,LINK,0,2,App_0,2.224647080563478,M.Result,202.40281740523167,1048576,0
119,LINK,0,4,App_1,1.816899782895167,M.Result,202.66657384767203,1048576,1
120,LINK,0,6,App_2,2.1716488025510645,M.Result,202.75550938413772,1048576,2
121,LINK,1,0,App_0,1.7928481153916844,M.Action,205,1048576,0
122,LINK,3,0,App_1,2.0566045578320256,M.Action,205,1048576,1
123,LINK,5,0,App_2,2.1455400942977323,M.Action,205,1048576,2
121,LINK,0,2,App_0,2.224647080563478,M.Result,207.40281740523167,1048576,0
122,LINK,0,4,App_1,1.816899782895167,M.Result,207.66657384767203,1048576,1
123,LINK,0,6,App_2,2.1716488025510645,M.Result,207.75550938413772,1048576,2
124,LINK,1,0,App_0,1.7928481153916844,M.Action,210,1048576,0
125,LINK,3,0,App_1,2.0566045578320256,M.Action,210,1048576,1
126,LINK,5,0,App_2,2.1455400942977323,M.Action,210,1048576,2
124,LINK,0,2,App_0,2.224647080563478,M.Result,212.40281740523167,1048576,0
125,LINK,0,4,App_1,1.816899782895167,M.Result,212.66657384767203,1048576,1
126,LINK,0,6,App_2,2.1716488025510645,M.Result,212.75550938413772,1048576,2
127,LINK,1,0,App_0,1.7928481153916844,M.Action,215,1048576,0
128,LINK,3,0,App_1,2.0566045578320256,M.Action,215,1048576,1
129,LINK,5,0,App_2,2.1455400942977323,M.Action,215,1048576,2
127,LINK,0,2,App_0,2.224647080563478,M.Result,217.40281740523167,1048576,0
128,LINK,0,4,App_1,1.816899782895167,M.Result,217.66657384767203,1048576,1
129,LINK,0,6,App_2,2.1716488025510645,M.Result,217.75550938413772,1048576,2
130,LINK,1,0,App_0,1.7928481153916844,M.Action,220,1048576,0
131,LINK,3,0,App_1,2.0566045578320256,M.Action,220,1048576,1
132,LINK,5,0,App_2,2.1455400942977323,M.Action,220,1048576,2
130,LINK,0,2,App_0,2.224647080563478,M.Result,222.40281740523167,1048576,0
131,LINK,0,4,App_1,1.816899782895167,M.Result,222.66657384767203,1048576,1
132,LINK,0,6,App_2,2.1716488025510645,M.Result,222.75550938413772,1048576,2
133,LINK,1,0,App_0,1.7928481153916844,M.Action,225,1048576,0
134,LINK,3,0,App_1,2.0566045578320256,M.Action,225,1048576,1
135,LINK,5,0,App_2,2.1455400942977323,M.Action,225,1048576,2
133,LINK,0,2,App_0,2.224647080563478,M.Result,227.40281740523167,1048576,0
134,LINK,0,4,App_1,1.816899782895167,M.Result,227.66657384767203,1048576,1
135,LINK,0,6,App_2,2.1716488025510645,M.Result,227.75550938413772,1048576,2
136,LINK,1,0,App_0,1.7928481153916844,M.Action,230,1048576,0
137,LINK,3,0,App_1,2.0566045578320256,M.Action,230,1048576,1
138,LINK,5,0,App_2,2.1455400942977323,M.Action,230,1048576,2
136,LINK,0,2,App_0,2.224647080563478,M.Result,232.40281740523167,1048576,0
137,LINK,0,4,App_1,1.816899782895167,M.Result,232.66657384767203,1048576,1
138,LINK,0,6,App_2,2.1716488025510645,M.Result,232.75550938413772,1048576,2
139,LINK,1,0,App_0,1.7928481153916844,M.Action,235,1048576,0
140,LINK,3,0,App_1,2.0566045578320256,M.Action,235,1048576,1
141,LINK,5,0,App_2,2.1455400942977323,M.Action,235,1048576,2
139,LINK,0,2,App_0,2.224647080563478,M.Result,237.40281740523167,1048576,0
140,LINK,0,4,App_1,1.816899782895167,M.Result,237.66657384767203,1048576,1
141,LINK,0,6,App_2,2.1716488025510645,M.Result,237.75550938413772,1048576,2
142,LINK,1,0,App_0,1.7928481153916844,M.Action,240,1048576,0
143,LINK,3,0,App_1,2.0566045578320256,M.Action,240,1048576,1
144,LINK,5,0,App_2,2.1455400942977323,M.Action,240,1048576,2
142,LINK,0,2,App_0,2.224647080563478,M.Result,242.40281740523167,1048576,0
143,LINK,0,4,App_1,1.816899782895167,M.Result,242.66657384767203,1048576,1
144,LINK,0,6,App_2,2.1716488025510645,M.Result,242.75550938413772,1048576,2
145,LINK,1,0,App_0,1.7928481153916844,M.Action,245,1048576,0
146,LINK,3,0,App_1,2.0566045578320256,M.Action,245,1048576,1
147,LINK,5,0,App_2,2.1455400942977323,M.Action,245,1048576,2
145,LINK,0,2,App_0,2.224647080563478,M.Result,247.40281740523167,1048576,0
146,LINK,0,4,App_1,1.816899782895167,M.Result,247.66657384767203,1048576,1
147,LINK,0,6,App_2,2.1716488025510645,M.Result,247.75550938413772,1048576,2
148,LINK,1,0,App_0,1.7928481153916844,M.Action,250,1048576,0
149,LINK,3,0,App_1,2.0566045578320256,M.Action,250,1048576,1
150,LINK,5,0,App_2,2.1455400942977323,M.Action,250,1048576,2
148,LINK,0,2,App_0,2.224647080563478,M.Result,252.40281740523167,1048576,0
149,LINK,0,4,App_1,1.816899782895167,M.Result,252.66657384767203,1048576,1
150,LINK,0,6,App_2,2.1716488025510645,M.Result,252.75550938413772,1048576,2
151,LINK,1,0,App_0,1.7928481153916844,M.Action,255,1048576,0
152,LINK,3,0,App_1,2.0566045578320256,M.Action,255,1048576,1
153,LINK,5,0,App_2,2.1455400942977323,M.Action,255,1048576,2
151,LINK,0,2,App_0,2.224647080563478,M.Result,257.40281740523164,1048576,0
152,LINK,0,4,App_1,1.816899782895167,M.Result,257.666573847672,1048576,1
153,LINK,0,6,App_2,2.1716488025510645,M.Result,257.7555093841377,1048576,2
154,LINK,1,0,App_0,1.7928481153916844,M.Action,260,1048576,0
155,LINK,3,0,App_1,2.0566045578320256,M.Action,260,1048576,1
156,LINK,5,0,App_2,2.1455400942977323,M.Action,260,1048576,2
154,LINK,0,2,App_0,2.224647080563478,M.Result,262.40281740523164,1048576,0
155,LINK,0,4,App_1,1.816899782895167,M.Result,262.666573847672,1048576,1
156,LINK,0,6,App_2,2.1716488025510645,M.Result,262.7555093841377,1048576,2
157,LINK,1,0,App_0,1.7928481153916844,M.Action,265,1048576,0
158,LINK,3,0,App_1,2.0566045578320256,M.Action,265,1048576,1
159,LINK,5,0,App_2,2.1455400942977323,M.Action,265,1048576,2
157,LINK,0,2,App_0,2.224647080563478,M.Result,267.40281740523164,1048576,0
158,LINK,0,4,App_1,1.816899782895167,M.Result,267.666573847672,1048576,1
159,LINK,0,6,App_2,2.1716488025510645,M.Result,267.7555093841377,1048576,2
160,LINK,1,0,App_0,1.7928481153916844,M.Action,270,1048576,0
161,LINK,3,0,App_1,2.0566045578320256,M.Action,270,1048576,1
162,LINK,5,0,App_2,2.1455400942977323,M.Action,270,1048576,2
160,LINK,0,2,App_0,2.224647080563478,M.Result,272.40281740523164,1048576,0
161,LINK,0,4,App_1,1.816899782895167,M.Result,272.666573847672,1048576,1
162,LINK,0,6,App_2,2.1716488025510645,M.Result,272.7555093841377,1048576,2
163,LINK,1,0,App_0,1.7928481153916844,M.Action,275,1048576,0
164,LINK,3,0,App_1,2.0566045578320256,M.Action,275,1048576,1
165,LINK,5,0,App_2,2.1455400942977323,M.Action,275,1048576,2
163,LINK,0,2,App_0,2.224647080563478,M.Result,277.40281740523164,1048576,0
164,LINK,0,4,App_1,1.816899782895167,M.Result,277.666573847672,1048576,1
165,LINK,0,6,App_2,2.1716488025510645,M.Result,277.7555093841377,1048576,2
166,LINK,1,0,App_0,1.7928481153916844,M.Action,280,1048576,0
167,LINK,3,0,App_1,2.0566045578320256,M.Action,280,1048576,1
168,LINK,5,0,App_2,2.1455400942977323,M.Action,280,1048576,2
166,LINK,0,2,App_0,2.224647080563478,M.Result,282.40281740523164,1048576,0
167,LINK,0,4,App_1,1.816899782895167,M.Result,282.666573847672,1048576,1
168,LINK,0,6,App_2,2.1716488025510645,M.Result,282.7555093841377,1048576,2
169,LINK,1,0,App_0,1.7928481153916844,M.Action,285,1048576,0
170,LINK,3,0,App_1,2.0566045578320256,M.Action,285,1048576,1
171,LINK,5,0,App_2,2.1455400942977323,M.Action,285,1048576,2
169,LINK,0,2,App_0,2.224647080563478,M.Result,287.40281740523164,1048576,0
170,LINK,0,4,App_1,1.816899782895167,M.Result,287.666573847672,1048576,1
171,LINK,0,6,App_2,2.1716488025510645,M.Result,287.7555093841377,1048576,2
172,LINK,1,0,App_0,1.7928481153916844,M.Action,290,1048576,0
173,LINK,3,0,App_1,2.0566045578320256,M.Action,290,1048576,1
174,LINK,5,0,App_2,2.1455400942977323,M.Action,290,1048576,2
172,LINK,0,2,App_0,2.224647080563478,M.Result,292.40281740523164,1048576,0
173,LINK,0,4,App_1,1.816899782895167,M.Result,292.666573847672,1048576,1
174,LINK,0,6,App_2,2.1716488025510645,M.Result,292.7555093841377,1048576,2
175,LINK,1,0,App_0,1.7928481153916844,M.Action,295,1048576,0
176,LINK,3,0,App_1,2.0566045578320256,M.Action,295,1048576,1
177,LINK,5,0,App_2,2.1455400942977323,M.Action,295,1048576,2
175,LINK,0,2,App_0,2.224647080563478,M.Result,297.40281740523164,1048576,0
176,LINK,0,4,App_1,1.816899782895167,M.Result,297.666573847672,1048576,1
177,LINK,0,6,App_2,2.1716488025510645,M.Result,297.7555093841377,1048576,2
178,LINK,1,0,App_0,1.7928481153916844,M.Action,300,1048576,0
179,LINK,3,0,App_1,2.0566045578320256,M.Action,300,1048576,1
180,LINK,5,0,App_2,2.1455400942977323,M.Action,300,1048576,2
178,LINK,0,2,App_0,2.224647080563478,M.Result,302.40281740523164,1048576,0
179,LINK,0,4,App_1,1.816899782895167,M.Result,302.666573847672,1048576,1
180,LINK,0,6,App_2,2.1716488025510645,M.Result,302.7555093841377,1048576,2
181,LINK,1,0,App_0,1.7928481153916844,M.Action,305,1048576,0
182,LINK,3,0,App_1,2.0566045578320256,M.Action,305,1048576,1
183,LINK,5,0,App_2,2.1455400942977323,M.Action,305,1048576,2
181,LINK,0,2,App_0,2.224647080563478,M.Result,307.40281740523164,1048576,0
182,LINK,0,4,App_1,1.816899782895167,M.Result,307.666573847672,1048576,1
183,LINK,0,6,App_2,2.1716488025510645,M.Result,307.7555093841377,1048576,2
184,LINK,1,0,App_0,1.7928481153916844,M.Action,310,1048576,0
185,LINK,3,0,App_1,2.0566045578320256,M.Action,310,1048576,1
186,LINK,5,0,App_2,2.1455400942977323,M.Action,310,1048576,2
184,LINK,0,2,App_0,2.224647080563478,M.Result,312.40281740523164,1048576,0
185,LINK,0,4,App_1,1.816899782895167,M.Result,312.666573847672,1048576,1
186,LINK,0,6,App_2,2.1716488025510645,M.Result,312.7555093841377,1048576,2
187,LINK,1,0,App_0,1.7928481153916844,M.Action,315,1048576,0
188,LINK,3,0,App_1,2.0566045578320256,M.Action,315,1048576,1
189,LINK,5,0,App_2,2.1455400942977323,M.Action,315,1048576,2
187,LINK,0,2,App_0,2.224647080563478,M.Result,317.40281740523164,1048576,0
188,LINK,0,4,App_1,1.816899782895167,M.Result,317.666573847672,1048576,1
189,LINK,0,6,App_2,2.1716488025510645,M.Result,317.7555093841377,1048576,2
190,LINK,1,0,App_0,1.7928481153916844,M.Action,320,1048576,0
191,LINK,3,0,App_1,2.0566045578320256,M.Action,320,1048576,1
192,LINK,5,0,App_2,2.1455400942977323,M.Action,320,1048576,2
190,LINK,0,2,App_0,2.224647080563478,M.Result,322.40281740523164,1048576,0
191,LINK,0,4,App_1,1.816899782895167,M.Result,322.666573847672,1048576,1
192,LINK,0,6,App_2,2.1716488025510645,M.Result,322.7555093841377,1048576,2
193,LINK,1,0,App_0,1.7928481153916844,M.Action,325,1048576,0
194,LINK,3,0,App_1,2.0566045578320256,M.Action,325,1048576,1
195,LINK,5,0,App_2,2.1455400942977323,M.Action,325,1048576,2
193,LINK,0,2,App_0,2.224647080563478,M.Result,327.40281740523164,1048576,0
194,LINK,0,4,App_1,1.816899782895167,M.Result,327.666573847672,1048576,1
195,LINK,0,6,App_2,2.1716488025510645,M.Result,327.7555093841377,1048576,2
196,LINK,1,0,App_0,1.7928481153916844,M.Action,330,1048576,0
197,LINK,3,0,App_1,2.0566045578320256,M.Action,330,1048576,1
198,LINK,5,0,App_2,2.1455400942977323,M.Action,330,1048576,2
196,LINK,0,2,App_0,2.224647080563478,M.Result,332.40281740523164,1048576,0
197,LINK,0,4,App_1,1.816899782895167,M.Result,332.666573847672,1048576,1
198,LINK,0,6,App_2,2.1716488025510645,M.Result,332.7555093841377,1048576,2
199,LINK,1,0,App_0,1.7928481153916844,M.Action,335,1048576,0
200,LINK,3,0,App_1,2.0566045578320256,M.Action,335,1048576,1
201,LINK,5,0,App_2,2.1455400942977323,M.Action,335,1048576,2
199,LINK,0,2,App_0,2.224647080563478,M.Result,337.40281740523164,1048576,0
200,LINK,0,4,App_1,1.816899782895167,M.Result,337.666573847672,1048576,1
201,LINK,0,6,App_2,2.1716488025510645,M.Result,337.7555093841377,1048576,2
202,LINK,1,0,App_0,1.7928481153916844,M.Action,340,1048576,0
203,LINK,3,0,App_1,2.0566045578320256,M.Action,340,1048576,1
204,LINK,5,0,App_2,2.1455400942977323,M.Action,340,1048576,2
202,LINK,0,2,App_0,2.224647080563478,M.Result,342.40281740523164,1048576,0
203,LINK,0,4,App_1,1.816899782895167,M.Result,342.666573847672,1048576,1
204,LINK,0,6,App_2,2.1716488025510645,M.Result,342.7555093841377,1048576,2
205,LINK,1,0,App_0,1.7928481153916844,M.Action,345,1048576,0
206,LINK,3,0,App_1,2.0566045578320256,M.Action,345,1048576,1
207,LINK,5,0,App_2,2.1455400942977323,M.Action,345,1048576,2
205,LINK,0,2,App_0,2.224647080563478,M.Result,347.40281740523164,1048576,0
206,LINK,0,4,App_1,1.816899782895167,M.Result,347.666573847672,1048576,1
207,LINK,0,6,App_2,2.1716488025510645,M.Result,347.7555093841377,1048576,2
208,LINK,1,0,App_0,1.7928481153916844,M.Action,350,1048576,0
209,LINK,3,0,App_1,2.0566045578320256,M.Action,350,1048576,1
210,LINK,5,0,App_2,2.1455400942977323,M.Action,350,1048576,2
208,LINK,0,2,App_0,2.224647080563478,M.Result,352.40281740523164,1048576,0
209,LINK,0,4,App_1,1.816899782895167,M.Result,352.666573847672,1048576,1
210,LINK,0,6,App_2,2.1716488025510645,M.Result,352.7555093841377,1048576,2
211,LINK,1,0,App_0,1.7928481153916844,M.Action,355,1048576,0
212,LINK,3,0,App_1,2.0566045578320256,M.Action,355,1048576,1
213,LINK,5,0,App_2,2.1455400942977323,M.Action,355,1048576,2
211,LINK,0,2,App_0,2.224647080563478,M.Result,357.40281740523164,1048576,0
212,LINK,0,4,App_1,1.816899782895167,M.Result,357.666573847672,1048576,1
213,LINK,0,6,App_2,2.1716488025510645,M.Result,357.7555093841377,1048576,2
214,LINK,1,0,App_0,1.7928481153916844,M.Action,360,1048576,0
215,LINK,3,0,App_1,2.0566045578320256,M.Action,360,1048576,1
216,LINK,5,0,App_2,2.1455400942977323,M.Action,360,1048576,2
214,LINK,0,2,App_0,2.224647080563478,M.Result,362.40281740523164,1048576,0
215,LINK,0,4,App_1,1.816899782895167,M.Result,362.666573847672,1048576,1
216,LINK,0,6,App_2,2.1716488025510645,M.Result,362.7555093841377,1048576,2
217,LINK,1,0,App_0,1.7928481153916844,M.Action,365,1048576,0
218,LINK,3,0,App_1,2.0566045578320256,M.Action,365,1048576,1
219,LINK,5,0,App_2,2.1455400942977323,M.Action,365,1048576,2
217,LINK,0,2,App_0,2.224647080563478,M.Result,367.40281740523164,1048576,0
218,LINK,0,4,App_1,1.816899782895167,M.Result,367.666573847672,1048576,1
219,LINK,0,6,App_2,2.1716488025510645,M.Result,367.7555093841377,1048576,2
220,LINK,1,0,App_0,1.7928481153916844,M.Action,370,1048576,0
221,LINK,3,0,App_1,2.0566045578320256,M.Action,370,1048576,1
222,LINK,5,0,App_2,2.1455400942977323,M.Action,370,1048576,2
220,LINK,0,2,App_0,2.224647080563478,M.Result,372.40281740523164,1048576,0
221,LINK,0,4,App_1,1.816899782895167,M.Result,372.666573847672,1048576,1
222,LINK,0,6,App_2,2.1716488025510645,M.Result,372.7555093841377,1048576,2
223,LINK,1,0,App_0,1.7928481153916844,M.Action,375,1048576,0
224,LINK,3,0,App_1,2.0566045578320256,M.Action,375,1048576,1
225,LINK,5,0,App_2,2.1455400942977323,M.Action,375,1048576,2
223,LINK,0,2,App_0,2.224647080563478,M.Result,377.40281740523164,1048576,0
224,LINK,0,4,App_1,1.816899782895167,M.Result,377.666573847672,1048576,1
225,LINK,0,6,App_2,2.1716488025510645,M.Result,377.7555093841377,1048576,2
226,LINK,1,0,App_0,1.7928481153916844,M.Action,380,1048576,0
227,LINK,3,0,App_1,2.0566045578320256,M.Action,380,1048576,1
228,LINK,5,0,App_2,2.1455400942977323,M.Action,380,1048576,2
226,LINK,0,2,App_0,2.224647080563478,M.Result,382.40281740523164,1048576,0
227,LINK,0,4,App_1,1.816899782895167,M.Result,382.666573847672,1048576,1
228,LINK,0,6,App_2,2.1716488025510645,M.Result,382.7555093841377,1048576,2
229,LINK,1,0,App_0,1.7928481153916844,M.Action,385,1048576,0
230,LINK,3,0,App_1,2.0566045578320256,M.Action,385,1048576,1
231,LINK,5,0,App_2,2.1455400942977323,M.Action,385,1048576,2
229,LINK,0,2,App_0,2.224647080563478,M.Result,387.40281740523164,1048576,0
230,LINK,0,4,App_1,1.816899782895167,M.Result,387.666573847672,1048576,1
231,LINK,0,6,App_2,2.1716488025510645,M.Result,387.7555093841377,1048576,2
232,LINK,1,0,App_0,1.7928481153916844,M.Action,390,1048576,0
233,LINK,3,0,App_1,2.0566045578320256,M.Action,390,1048576,1
234,LINK,5,0,App_2,2.1455400942977323,M.Action,390,1048576,2
232,LINK,0,2,App_0,2.224647080563478,M.Result,392.40281740523164,1048576,0
233,LINK,0,4,App_1,1.816899782895167,M.Result,392.666573847672,1048576,1
234,LINK,0,6,App_2,2.1716488025510645,M.Result,392.7555093841377,1048576,2
235,LINK,1,0,App_0,1.7928481153916844,M.Action,395,1048576,0
236,LINK,3,0,App_1,2.0566045578320256,M.Action,395,1048576,1
237,LINK,5,0,App_2,2.1455400942977323,M.Action,395,1048576,2
235,LINK,0,2,App_0,2.224647080563478,M.Result,397.40281740523164,1048576,0
236,LINK,0,4,App_1,1.816899782895167,M.Result,397.666573847672,1048576,1
237,LINK,0,6,App_2,2.1716488025510645,M.Result,397.7555093841377,1048576,2
238,LINK,1,0,App_0,1.7928481153916844,M.Action,400,1048576,0
239,LINK,3,0,App_1,2.0566045578320256,M.Action,400,1048576,1
240,LINK,5,0,App_2,2.1455400942977323,M.Action,400,1048576,2
238,LINK,0,2,App_0,2.224647080563478,M.Result,402.40281740523164,1048576,0
239,LINK,0,4,App_1,1.816899782895167,M.Result,402.666573847672,1048576,1
240,LINK,0,6,App_2,2.1716488025510645,M.Result,402.7555093841377,1048576,2
241,LINK,1,0,App_0,1.7928481153916844,M.Action,405,1048576,0
242,LINK,3,0,App_1,2.0566045578320256,M.Action,405,1048576,1
243,LINK,5,0,App_2,2.1455400942977323,M.Action,405,1048576,2
241,LINK,0,2,App_0,2.224647080563478,M.Result,407.40281740523164,1048576,0
242,LINK,0,4,App_1,1.816899782895167,M.Result,407.666573847672,1048576,1
243,LINK,0,6,App_2,2.1716488025510645,M.Result,407.7555093841377,1048576,2
244,LINK,1,0,App_0,1.7928481153916844,M.Action,410,1048576,0
245,LINK,3,0,App_1,2.0566045578320256,M.Action,410,1048576,1
246,LINK,5,0,App_2,2.1455400942977323,M.Action,410,1048576,2
244,LINK,0,2,App_0,2.224647080563478,M.Result,412.40281740523164,1048576,0
245,LINK,0,4,App_1,1.816899782895167,M.Result,412.666573847672,1048576,1
246,LINK,0,6,App_2,2.1716488025510645,M.Result,412.7555093841377,1048576,2
247,LINK,1,0,App_0,1.7928481153916844,M.Action,415,1048576,0
248,LINK,3,0,App_1,2.0566045578320256,M.Action,415,1048576,1
249,LINK,5,0,App_2,2.1455400942977323,M.Action,415,1048576,2
247,LINK,0,2,App_0,2.224647080563478,M.Result,417.40281740523164,1048576,0
248,LINK,0,4,App_1,1.816899782895167,M.Result,417.666573847672,1048576,1
249,LINK,0,6,App_2,2.1716488025510645,M.Result,417.7555093841377,1048576,2
250,LINK,1,0,App_0,1.7928481153916844,M.Action,420,1048576,0
251,LINK,3,0,App_1,2.0566045578320256,M.Action,420,1048576,1
252,LINK,5,0,App_2,2.1455400942977323,M.Action,420,1048576,2
250,LINK,0,2,App_0,2.224647080563478,M.Result,422.40281740523164,1048576,0
251,LINK,0,4,App_1,1.816899782895167,M.Result,422.666573847672,1048576,1
252,LINK,0,6,App_2,2.1716488025510645,M.Result,422.7555093841377,1048576,2
253,LINK,1,0,App_0,1.7928481153916844,M.Action,425,1048576,0
254,LINK,3,0,App_1,2.0566045578320256,M.Action,425,1048576,1
255,LINK,5,0,App_2,2.1455400942977323,M.Action,425,1048576,2
253,LINK,0,2,App_0,2.224647080563478,M.Result,427.40281740523164,1048576,0
254,LINK,0,4,App_1,1.816899782895167,M.Result,427.666573847672,1048576,1
255,LINK,0,6,App_2,2.1716488025510645,M.Result,427.7555093841377,1048576,2
256,LINK,1,0,App_0,1.7928481153916844,M.Action,430,1048576,0
257,LINK,3,0,App_1,2.0566045578320256,M.Action,430,1048576,1
258,LINK,5,0,App_2,2.1455400942977323,M.Action,430,1048576,2
256,LINK,0,2,App_0,2.224647080563478,M.Result,432.40281740523164,1048576,0
257,LINK,0,4,App_1,1.816899782895167,M.Result,432.666573847672,1048576,1
258,LINK,0,6,App_2,2.1716488025510645,M.Result,432.7555093841377,1048576,2
259,LINK,1,0,App_0,1.7928481153916844,M.Action,435,1048576,0
260,LINK,3,0,App_1,2.0566045578320256,M.Action,435,1048576,1
261,LINK,5,0,App_2,2.1455400942977323,M.Action,435,1048576,2
259,LINK,0,2,App_0,2.224647080563478,M.Result,437.40281740523164,1048576,0
260,LINK,0,4,App_1,1.816899782895167,M.Result,437.666573847672,1048576,1
261,LINK,0,6,App_2,2.1716488025510645,M.Result,437.7555093841377,1048576,2
262,LINK,1,0,App_0,1.7928481153916844,M.Action,440,1048576,0
263,LINK,3,0,App_1,2.0566045578320256,M.Action,440,1048576,1
264,LINK,5,0,App_2,2.1455400942977323,M.Action,440,1048576,2
262,LINK,0,2,App_0,2.224647080563478,M.Result,442.40281740523164,1048576,0
263,LINK,0,4,App_1,1.816899782895167,M.Result,442.666573847672,1048576,1
264,LINK,0,6,App_2,2.1716488025510645,M.Result,442.7555093841377,1048576,2
265,LINK,1,0,App_0,1.7928481153916844,M.Action,445,1048576,0
266,LINK,3,0,App_1,2.0566045578320256,M.Action,445,1048576,1
267,LINK,5,0,App_2,2.1455400942977323,M.Action,445,1048576,2
265,LINK,0,2,App_0,2.224647080563478,M.Result,447.40281740523164,1048576,0
266,LINK,0,4,App_1,1.816899782895167,M.Result,447.666573847672,1048576,1
267,LINK,0,6,App_2,2.1716488025510645,M.Result,447.7555093841377,1048576,2
268,LINK,1,0,App_0,1.7928481153916844,M.Action,450,1048576,0
269,LINK,3,0,App_1,2.0566045578320256,M.Action,450,1048576,1
270,LINK,5,0,App_2,2.1455400942977323,M.Action,450,1048576,2
268,LINK,0,2,App_0,2.224647080563478,M.Result,452.40281740523164,1048576,0
269,LINK,0,4,App_1,1.816899782895167,M.Result,452.666573847672,1048576,1
270,LINK,0,6,App_2,2.1716488025510645,M.Result,452.7555093841377,1048576,2
271,LINK,1,0,App_0,1.7928481153916844,M.Action,455,1048576,0
272,LINK,3,0,App_1,2.0566045578320256,M.Action,455,1048576,1
273,LINK,5,0,App_2,2.1455400942977323,M.Action,455,1048576,2
271,LINK,0,2,App_0,2.224647080563478,M.Result,457.40281740523164,1048576,0
272,LINK,0,4,App_1,1.816899782895167,M.Result,457.666573847672,1048576,1
273,LINK,0,6,App_2,2.1716488025510645,M.Result,457.7555093841377,1048576,2
274,LINK,1,0,App_0,1.7928481153916844,M.Action,460,1048576,0
275,LINK,3,0,App_1,2.0566045578320256,M.Action,460,1048576,1
276,LINK,5,0,App_2,2.1455400942977323,M.Action,460,1048576,2
274,LINK,0,2,App_0,2.224647080563478,M.Result,462.40281740523164,1048576,0
275,LINK,0,4,App_1,1.816899782895167,M.Result,462.666573847672,1048576,1
276,LINK,0,6,App_2,2.1716488025510645,M.Result,462.7555093841377,1048576,2
277,LINK,1,0,App_0,1.7928481153916844,M.Action,465,1048576,0
278,LINK,3,0,App_1,2.0566045578320256,M.Action,465,1048576,1
279,LINK,5,0,App_2,2.1455400942977323,M.Action,465,1048576,2
277,LINK,0,2,App_0,2.224647080563478,M.Result,467.40281740523164,1048576,0
278,LINK,0,4,App_1,1.816899782895167,M.Result,467.666573847672,1048576,1
279,LINK,0,6,App_2,2.1716488025510645,M.Result,467.7555093841377,1048576,2
280,LINK,1,0,App_0,1.7928481153916844,M.Action,470,1048576,0
281,LINK,3,0,App_1,2.0566045578320256,M.Action,470,1048576,1
282,LINK,5,0,App_2,2.1455400942977323,M.Action,470,1048576,2
280,LINK,0,2,App_0,2.224647080563478,M.Result,472.40281740523164,1048576,0
281,LINK,0,4,App_1,1.816899782895167,M.Result,472.666573847672,1048576,1
282,LINK,0,6,App_2,2.1716488025510645,M.Result,472.7555093841377,1048576,2
283,LINK,1,0,App_0,1.7928481153916844,M.Action,475,1048576,0
284,LINK,3,0,App_1,2.0566045578320256,M.Action,475,1048576,1
285,LINK,5,0,App_2,2.1455400942977323,M.Action,475,1048576,2
283,LINK,0,2,App_0,2.224647080563478,M.Result,477.40281740523164,1048576,0
284,LINK,0,4,App_1,1.816899782895167,M.Result,477.666573847672,1048576,1
285,LINK,0,6,App_2,2.1716488025510645,M.Result,477.7555093841377,1048576,2
286,LINK,1,0,App_0,1.7928481153916844,M.Action,480,1048576,0
287,LINK,3,0,App_1,2.0566045578320256,M.Action,480,1048576,1
288,LINK,5,0,App_2,2.1455400942977323,M.Action,480,1048576,2
286,LINK,0,2,App_0,2.224647080563478,M.Result,482.40281740523164,1048576,0
287,LINK,0,4,App_1,1.816899782895167,M.Result,482.666573847672,1048576,1
288,LINK,0,6,App_2,2.1716488025510645,M.Result,482.7555093841377,1048576,2
289,LINK,1,0,App_0,1.7928481153916844,M.Action,485,1048576,0
290,LINK,3,0,App_1,2.0566045578320256,M.Action,485,1048576,1
291,LINK,5,0,App_2,2.1455400942977323,M.Action,485,1048576,2
289,LINK,0,2,App_0,2.224647080563478,M.Result,487.40281740523164,1048576,0
290,LINK,0,4,App_1,1.816899782895167,M.Result,487.666573847672,1048576,1
291,LINK,0,6,App_2,2.1716488025510645,M.Result,487.7555093841377,1048576,2
292,LINK,1,0,App_0,1.7928481153916844,M.Action,490,1048576,0
293,LINK,3,0,App_1,2.0566045578320256,M.Action,490,1048576,1
294,LINK,5,0,App_2,2.1455400942977323,M.Action,490,1048576,2
292,LINK,0,2,App_0,2.224647080563478,M.Result,492.40281740523164,1048576,0
293,LINK,0,4,App_1,1.816899782895167,M.Result,492.666573847672,1048576,1
294,LINK,0,6,App_2,2.1716488025510645,M.Result,492.7555093841377,1048576,2
295,LINK,1,0,App_0,1.7928481153916844,M.Action,495,1048576,0
296,LINK,3,0,App_1,2.0566045578320256,M.Action,495,1048576,1
297,LINK,5,0,App_2,2.1455400942977323,M.Action,495,1048576,2
295,LINK,0,2,App_0,2.224647080563478,M.Result,497.40281740523164,1048576,0
296,LINK,0,4,App_1,1.816899782895167,M.Result,497.666573847672,1048576,1
297,LINK,0,6,App_2,2.1716488025510645,M.Result,497.7555093841377,1048576,2
298,LINK,1,0,App_0,1.7928481153916844,M.Action,500,1048576,0
299,LINK,3,0,App_1,2.0566045578320256,M.Action,500,1048576,1
300,LINK,5,0,App_2,2.1455400942977323,M.Action,500,1048576,2
298,LINK,0,2,App_0,2.224647080563478,M.Result,502.40281740523164,1048576,0
299,LINK,0,4,App_1,1.816899782895167,M.Result,502.666573847672,1048576,1
300,LINK,0,6,App_2,2.1716488025510645,M.Result,502.7555093841377,1048576,2
301,LINK,1,0,App_0,1.7928481153916844,M.Action,505,1048576,0
302,LINK,3,0,App_1,2.0566045578320256,M.Action,505,1048576,1
303,LINK,5,0,App_2,2.1455400942977323,M.Action,505,1048576,2
301,LINK,0,2,App_0,2.224647080563478,M.Result,507.40281740523164,1048576,0
302,LINK,0,4,App_1,1.816899782895167,M.Result,507.666573847672,1048576,1
303,LINK,0,6,App_2,2.1716488025510645,M.Result,507.7555093841377,1048576,2
304,LINK,1,0,App_0,1.7928481153916844,M.Action,510,1048576,0
305,LINK,3,0,App_1,2.0566045578320256,M.Action,510,1048576,1
306,LINK,5,0,App_2,2.1455400942977323,M.Action,510,1048576,2
304,LINK,0,2,App_0,2.224647080563478,M.Result,512.4028174052316,1048576,0
305,LINK,0,4,App_1,1.816899782895167,M.Result,512.666573847672,1048576,1
306,LINK,0,6,App_2,2.1716488025510645,M.Result,512.7555093841378,1048576,2
307,LINK,1,0,App_0,1.7928481153916844,M.Action,515,1048576,0
308,LINK,3,0,App_1,2.0566045578320256,M.Action,515,1048576,1
309,LINK,5,0,App_2,2.1455400942977323,M.Action,515,1048576,2
307,LINK,0,2,App_0,2.224647080563478,M.Result,517.4028174052318,1048576,0
308,LINK,0,4,App_1,1.816899782895167,M.Result,517.666573847672,1048576,1
309,LINK,0,6,App_2,2.1716488025510645,M.Result,517.7555093841378,1048576,2
310,LINK,1,0,App_0,1.7928481153916844,M.Action,520,1048576,0
311,LINK,3,0,App_1,2.0566045578320256,M.Action,520,1048576,1
312,LINK,5,0,App_2,2.1455400942977323,M.Action,520,1048576,2
310,LINK,0,2,App_0,2.224647080563478,M.Result,522.4028174052318,1048576,0
311,LINK,0,4,App_1,1.816899782895167,M.Result,522.666573847672,1048576,1
312,LINK,0,6,App_2,2.1716488025510645,M.Result,522.7555093841378,1048576,2
313,LINK,1,0,App_0,1.7928481153916844,M.Action,525,1048576,0
314,LINK,3,0,App_1,2.0566045578320256,M.Action,525,1048576,1
315,LINK,5,0,App_2,2.1455400942977323,M.Action,525,1048576,2
313,LINK,0,2,App_0,2.224647080563478,M.Result,527.4028174052318,1048576,0
314,LINK,0,4,App_1,1.816899782895167,M.Result,527.666573847672,1048576,1
315,LINK,0,6,App_2,2.1716488025510645,M.Result,527.7555093841378,1048576,2
316,LINK,1,0,App_0,1.7928481153916844,M.Action,530,1048576,0
317,LINK,3,0,App_1,2.0566045578320256,M.Action,530,1048576,1
318,LINK,5,0,App_2,2.1455400942977323,M.Action,530,1048576,2
316,LINK,0,2,App_0,2.224647080563478,M.Result,532.4028174052318,1048576,0
317,LINK,0,4,App_1,1.816899782895167,M.Result,532.666573847672,1048576,1
318,LINK,0,6,App_2,2.1716488025510645,M.Result,532.7555093841378,1048576,2
319,LINK,1,0,App_0,1.7928481153916844,M.Action,535,1048576,0
320,LINK,3,0,App_1,2.0566045578320256,M.Action,535,1048576,1
321,LINK,5,0,App_2,2.1455400942977323,M.Action,535,1048576,2
319,LINK,0,2,App_0,2.224647080563478,M.Result,537.4028174052318,1048576,0
320,LINK,0,4,App_1,1.816899782895167,M.Result,537.666573847672,1048576,1
321,LINK,0,6,App_2,2.1716488025510645,M.Result,537.7555093841378,1048576,2
322,LINK,1,0,App_0,1.7928481153916844,M.Action,540,1048576,0
323,LINK,3,0,App_1,2.0566045578320256,M.Action,540,1048576,1
324,LINK,5,0,App_2,2.1455400942977323,M.Action,540,1048576,2
322,LINK,0,2,App_0,2.224647080563478,M.Result,542.4028174052318,1048576,0
323,LINK,0,4,App_1,1.816899782895167,M.Result,542.666573847672,1048576,1
324,LINK,0,6,App_2,2.1716488025510645,M.Result,542.7555093841378,1048576,2
325,LINK,1,0,App_0,1.7928481153916844,M.Action,545,1048576,0
326,LINK,3,0,App_1,2.0566045578320256,M.Action,545,1048576,1
327,LINK,5,0,App_2,2.1455400942977323,M.Action,545,1048576,2
325,LINK,0,2,App_0,2.224647080563478,M.Result,547.4028174052318,1048576,0
326,LINK,0,4,App_1,1.816899782895167,M.Result,547.666573847672,1048576,1
327,LINK,0,6,App_2,2.1716488025510645,M.Result,547.7555093841378,1048576,2
328,LINK,1,0,App_0,1.7928481153916844,M.Action,550,1048576,0
329,LINK,3,0,App_1,2.0566045578320256,M.Action,550,1048576,1
330,LINK,5,0,App_2,2.1455400942977323,M.Action,550,1048576,2
328,LINK,0,2,App_0,2.224647080563478,M.Result,552.4028174052318,1048576,0
329,LINK,0,4,App_1,1.816899782895167,M.Result,552.666573847672,1048576,1
330,LINK,0,6,App_2,2.1716488025510645,M.Result,552.7555093841378,1048576,2
331,LINK,1,0,App_0,1.7928481153916844,M.Action,555,1048576,0
332,LINK,3,0,App_1,2.0566045578320256,M.Action,555,1048576,1
333,LINK,5,0,App_2,2.1455400942977323,M.Action,555,1048576,2
331,LINK,0,2,App_0,2.224647080563478,M.Result,557.4028174052318,1048576,0
332,LINK,0,4,App_1,1.816899782895167,M.Result,557.666573847672,1048576,1
333,LINK,0,6,App_2,2.1716488025510645,M.Result,557.7555093841378,1048576,2
334,LINK,1,0,App_0,1.7928481153916844,M.Action,560,1048576,0
335,LINK,3,0,App_1,2.0566045578320256,M.Action,560,1048576,1
336,LINK,5,0,App_2,2.1455400942977323,M.Action,560,1048576,2
334,LINK,0,2,App_0,2.224647080563478,M.Result,562.4028174052318,1048576,0
335,LINK,0,4,App_1,1.816899782895167,M.Result,562.666573847672,1048576,1
336,LINK,0,6,App_2,2.1716488025510645,M.Result,562.7555093841378,1048576,2
337,LINK,1,0,App_0,1.7928481153916844,M.Action,565,1048576,0
338,LINK,3,0,App_1,2.0566045578320256,M.Action,565,1048576,1
339,LINK,5,0,App_2,2.1455400942977323,M.Action,565,1048576,2
337,LINK,0,2,App_0,2.224647080563478,M.Result,567.4028174052318,1048576,0
338,LINK,0,4,App_1,1.816899782895167,M.Result,567.666573847672,1048576,1
339,LINK,0,6,App_2,2.1716488025510645,M.Result,567.7555093841378,1048576,2
340,LINK,1,0,App_0,1.7928481153916844,M.Action,570,1048576,0
341,LINK,3,0,App_1,2.0566045578320256,M.Action,570,1048576,1
342,LINK,5,0,App_2,2.1455400942977323,M.Action,570,1048576,2
340,LINK,0,2,App_0,2.224647080563478,M.Result,572.4028174052318,1048576,0
341,LINK,0,4,App_1,1.816899782895167,M.Result,572.666573847672,1048576,1
342,LINK,0,6,App_2,2.1716488025510645,M.Result,572.7555093841378,1048576,2
343,LINK,1,0,App_0,1.7928481153916844,M.Action,575,1048576,0
344,LINK,3,0,App_1,2.0566045578320256,M.Action,575,1048576,1
345,LINK,5,0,App_2,2.1455400942977323,M.Action,575,1048576,2
343,LINK,0,2,App_0,2.224647080563478,M.Result,577.4028174052318,1048576,0
344,LINK,0,4,App_1,1.816899782895167,M.Result,577.666573847672,1048576,1
345,LINK,0,6,App_2,2.1716488025510645,M.Result,577.7555093841378,1048576,2
346,LINK,1,0,App_0,1.7928481153916844,M.Action,580,1048576,0
347,LINK,3,0,App_1,2.0566045578320256,M.Action,580,1048576,1
348,LINK,5,0,App_2,2.1455400942977323,M.Action,580,1048576,2
346,LINK,0,2,App_0,2.224647080563478,M.Result,582.4028174052318,1048576,0
347,LINK,0,4,App_1,1.816899782895167,M.Result,582.666573847672,1048576,1
348,LINK,0,6,App_2,2.1716488025510645,M.Result,582.7555093841378,1048576,2
349,LINK,1,0,App_0,1.7928481153916844,M.Action,585,1048576,0
350,LINK,3,0,App_1,2.0566045578320256,M.Action,585,1048576,1
351,LINK,5,0,App_2,2.1455400942977323,M.Action,585,1048576,2
349,LINK,0,2,App_0,2.224647080563478,M.Result,587.4028174052318,1048576,0
350,LINK,0,4,App_1,1.816899782895167,M.Result,587.666573847672,1048576,1
351,LINK,0,6,App_2,2.1716488025510645,M.Result,587.7555093841378,1048576,2
352,LINK,1,0,App_0,1.7928481153916844,M.Action,590,1048576,0
353,LINK,3,0,App_1,2.0566045578320256,M.Action,590,1048576,1
354,LINK,5,0,App_2,2.1455400942977323,M.Action,590,1048576,2
352,LINK,0,2,App_0,2.224647080563478,M.Result,592.4028174052318,1048576,0
353,LINK,0,4,App_1,1.816899782895167,M.Result,592.666573847672,1048576,1
354,LINK,0,6,App_2,2.1716488025510645,M.Result,592.7555093841378,1048576,2
355,LINK,1,0,App_0,1.7928481153916844,M.Action,595,1048576,0
356,LINK,3,0,App_1,2.0566045578320256,M.Action,595,1048576,1
357,LINK,5,0,App_2,2.1455400942977323,M.Action,595,1048576,2
355,LINK,0,2,App_0,2.224647080563478,M.Result,597.4028174052318,1048576,0
356,LINK,0,4,App_1,1.816899782895167,M.Result,597.666573847672,1048576,1
357,LINK,0,6,App_2,2.1716488025510645,M.Result,597.7555093841378,1048576,2
358,LINK,1,0,App_0,1.7928481153916844,M.Action,600,1048576,0
359,LINK,3,0,App_1,2.0566045578320256,M.Action,600,1048576,1
360,LINK,5,0,App_2,2.1455400942977323,M.Action,600,1048576,2
358,LINK,0,2,App_0,2.224647080563478,M.Result,602.4028174052318,1048576,0
359,LINK,0,4,App_1,1.816899782895167,M.Result,602.666573847672,1048576,1
360,LINK,0,6,App_2,2.1716488025510645,M.Result,602.7555093841378,1048576,2
361,LINK,1,0,App_0,1.7928481153916844,M.Action,605,1048576,0
362,LINK,3,0,App_1,2.0566045578320256,M.Action,605,1048576,1
363,LINK,5,0,App_2,2.1455400942977323,M.Action,605,1048576,2
361,LINK,0,2,App_0,2.224647080563478,M.Result,607.4028174052318,1048576,0
362,LINK,0,4,App_1,1.816899782895167,M.Result,607.666573847672,1048576,1
363,LINK,0,6,App_2,2.1716488025510645,M.Result,607.7555093841378,1048576,2
364,LINK,1,0,App_0,1.7928481153916844,M.Action,610,1048576,0
365,LINK,3,0,App_1,2.0566045578320256,M.Action,610,1048576,1
366,LINK,5,0,App_2,2.1455400942977323,M.Action,610,1048576,2
364,LINK,0,2,App_0,2.224647080563478,M.Result,612.4028174052318,1048576,0
365,LINK,0,4,App_1,1.816899782895167,M.Result,612.666573847672,1048576,1
366,LINK,0,6,App_2,2.1716488025510645,M.Result,612.7555093841378,1048576,2
367,LINK,1,0,App_0,1.7928481153916844,M.Action,615,1048576,0
368,LINK,3,0,App_1,2.0566045578320256,M.Action,615,1048576,1
369,LINK,5,0,App_2,2.1455400942977323,M.Action,615,1048576,2
367,LINK,0,2,App_0,2.224647080563478,M.Result,617.4028174052318,1048576,0
368,LINK,0,4,App_1,1.816899782895167,M.Result,617.666573847672,1048576,1
369,LINK,0,6,App_2,2.1716488025510645,M.Result,617.7555093841378,1048576,2
370,LINK,1,0,App_0,1.7928481153916844,M.Action,620,1048576,0
371,LINK,3,0,App_1,2.0566045578320256,M.Action,620,1048576,1
372,LINK,5,0,App_2,2.1455400942977323,M.Action,620,1048576,2
370,LINK,0,2,App_0,2.224647080563478,M.Result,622.4028174052318,1048576,0
371,LINK,0,4,App_1,1.816899782895167,M.Result,622.666573847672,1048576,1
372,LINK,0,6,App_2,2.1716488025510645,M.Result,622.7555093841378,1048576,2
373,LINK,1,0,App_0,1.7928481153916844,M.Action,625,1048576,0
374,LINK,3,0,App_1,2.0566045578320256,M.Action,625,1048576,1
375,LINK,5,0,App_2,2.1455400942977323,M.Action,625,1048576,2
373,LINK,0,2,App_0,2.224647080563478,M.Result,627.4028174052318,1048576,0
374,LINK,0,4,App_1,1.816899782895167,M.Result,627.666573847672,1048576,1
375,LINK,0,6,App_2,2.1716488025510645,M.Result,627.7555093841378,1048576,2
376,LINK,1,0,App_0,1.7928481153916844,M.Action,630,1048576,0
377,LINK,3,0,App_1,2.0566045578320256,M.Action,630,1048576,1
378,LINK,5,0,App_2,2.1455400942977323,M.Action,630,1048576,2
376,LINK,0,2,App_0,2.224647080563478,M.Result,632.4028174052318,1048576,0
377,LINK,0,4,App_1,1.816899782895167,M.Result,632.666573847672,1048576,1
378,LINK,0,6,App_2,2.1716488025510645,M.Result,632.7555093841378,1048576,2
379,LINK,1,0,App_0,1.7928481153916844,M.Action,635,1048576,0
380,LINK,3,0,App_1,2.0566045578320256,M.Action,635,1048576,1
381,LINK,5,0,App_2,2.1455400942977323,M.Action,635,1048576,2
379,LINK,0,2,App_0,2.224647080563478,M.Result,637.4028174052318,1048576,0
380,LINK,0,4,App_1,1.816899782895167,M.Result,637.666573847672,1048576,1
381,LINK,0,6,App_2,2.1716488025510645,M.Result,637.7555093841378,1048576,2
382,LINK,1,0,App_0,1.7928481153916844,M.Action,640,1048576,0
383,LINK,3,0,App_1,2.0566045578320256,M.Action,640,1048576,1
384,LINK,5,0,App_2,2.1455400942977323,M.Action,640,1048576,2
382,LINK,0,2,App_0,2.224647080563478,M.Result,642.4028174052318,1048576,0
383,LINK,0,4,App_1,1.816899782895167,M.Result,642.666573847672,1048576,1
384,LINK,0,6,App_2,2.1716488025510645,M.Result,642.7555093841378,1048576,2
385,LINK,1,0,App_0,1.7928481153916844,M.Action,645,1048576,0
386,LINK,3,0,App_1,2.0566045578320256,M.Action,645,1048576,1
387,LINK,5,0,App_2,2.1455400942977323,M.Action,645,1048576,2
385,LINK,0,2,App_0,2.224647080563478,M.Result,647.4028174052318,1048576,0
386,LINK,0,4,App_1,1.816899782895167,M.Result,647.666573847672,1048576,1
387,LINK,0,6,App_2,2.1716488025510645,M.Result,647.7555093841378,1048576,2
388,LINK,1,0,App_0,1.7928481153916844,M.Action,650,1048576,0
389,LINK,3,0,App_1,2.0566045578320256,M.Action,650,1048576,1
390,LINK,5,0,App_2,2.1455400942977323,M.Action,650,1048576,2
388,LINK,0,2,App_0,2.224647080563478,M.Result,652.4028174052318,1048576,0
389,LINK,0,4,App_1,1.816899782895167,M.Result,652.666573847672,1048576,1
390,LINK,0,6,App_2,2.1716488025510645,M.Result,652.7555093841378,1048576,2
391,LINK,1,0,App_0,1.7928481153916844,M.Action,655,1048576,0
392,LINK,3,0,App_1,2.0566045578320256,M.Action,655,1048576,1
393,LINK,5,0,App_2,2.1455400942977323,M.Action,655,1048576,2
391,LINK,0,2,App_0,2.224647080563478,M.Result,657.4028174052318,1048576,0
392,LINK,0,4,App_1,1.816899782895167,M.Result,657.666573847672,1048576,1
393,LINK,0,6,App_2,2.1716488025510645,M.Result,657.7555093841378,1048576,2
394,LINK,1,0,App_0,1.7928481153916844,M.Action,660,1048576,0
395,LINK,3,0,App_1,2.0566045578320256,M.Action,660,1048576,1
396,LINK,5,0,App_2,2.1455400942977323,M.Action,660,1048576,2
394,LINK,0,2,App_0,2.224647080563478,M.Result,662.4028174052318,1048576,0
395,LINK,0,4,App_1,1.816899782895167,M.Result,662.666573847672,1048576,1
396,LINK,0,6,App_2,2.1716488025510645,M.Result,662.7555093841378,1048576,2
397,LINK,1,0,App_0,1.7928481153916844,M.Action,665,1048576,0
398,LINK,3,0,App_1,2.0566045578320256,M.Action,665,1048576,1
399,LINK,5,0,App_2,2.1455400942977323,M.Action,665,1048576,2
397,LINK,0,2,App_0,2.224647080563478,M.Result,667.4028174052318,1048576,0
398,LINK,0,4,App_1,1.816899782895167,M.Result,667.666573847672,1048576,1
399,LINK,0,6,App_2,2.1716488025510645,M.Result,667.7555093841378,1048576,2
400,LINK,1,0,App_0,1.7928481153916844,M.Action,670,1048576,0
401,LINK,3,0,App_1,2.0566045578320256,M.Action,670,1048576,1
402,LINK,5,0,App_2,2.1455400942977323,M.Action,670,1048576,2
400,LINK,0,2,App_0,2.224647080563478,M.Result,672.4028174052318,1048576,0
401,LINK,0,4,App_1,1.816899782895167,M.Result,672.666573847672,1048576,1
402,LINK,0,6,App_2,2.1716488025510645,M.Result,672.7555093841378,1048576,2
403,LINK,1,0,App_0,1.7928481153916844,M.Action,675,1048576,0
404,LINK,3,0,App_1,2.0566045578320256,M.Action,675,1048576,1
405,LINK,5,0,App_2,2.1455400942977323,M.Action,675,1048576,2
403,LINK,0,2,App_0,2.224647080563478,M.Result,677.4028174052318,1048576,0
404,LINK,0,4,App_1,1.816899782895167,M.Result,677.666573847672,1048576,1
405,LINK,0,6,App_2,2.1716488025510645,M.Result,677.7555093841378,1048576,2
406,LINK,1,0,App_0,1.7928481153916844,M.Action,680,1048576,0
407,LINK,3,0,App_1,2.0566045578320256,M.Action,680,1048576,1
408,LINK,5,0,App_2,2.1455400942977323,M.Action,680,1048576,2
406,LINK,0,2,App_0,2.224647080563478,M.Result,682.4028174052318,1048576,0
407,LINK,0,4,App_1,1.816899782895167,M.Result,682.666573847672,1048576,1
408,LINK,0,6,App_2,2.1716488025510645,M.Result,682.7555093841378,1048576,2
409,LINK,1,0,App_0,1.7928481153916844,M.Action,685,1048576,0
410,LINK,3,0,App_1,2.0566045578320256,M.Action,685,1048576,1
411,LINK,5,0,App_2,2.1455400942977323,M.Action,685,1048576,2
409,LINK,0,2,App_0,2.224647080563478,M.Result,687.4028174052318,1048576,0
410,LINK,0,4,App_1,1.816899782895167,M.Result,687.666573847672,1048576,1
411,LINK,0,6,App_2,2.1716488025510645,M.Result,687.7555093841378,1048576,2
412,LINK,1,0,App_0,1.7928481153916844,M.Action,690,1048576,0
413,LINK,3,0,App_1,2.0566045578320256,M.Action,690,1048576,1
414,LINK,5,0,App_2,2.1455400942977323,M.Action,690,1048576,2
412,LINK,0,2,App_0,2.224647080563478,M.Result,692.4028174052318,1048576,0
413,LINK,0,4,App_1,1.816899782895167,M.Result,692.666573847672,1048576,1
414,LINK,0,6,App_2,2.1716488025510645,M.Result,692.7555093841378,1048576,2
415,LINK,1,0,App_0,1.7928481153916844,M.Action,695,1048576,0
416,LINK,3,0,App_1,2.0566045578320256,M.Action,695,1048576,1
417,LINK,5,0,App_2,2.1455400942977323,M.Action,695,1048576,2
415,LINK,0,2,App_0,2.224647080563478,M.Result,697.4028174052318,1048576,0
416,LINK,0,4,App_1,1.816899782895167,M.Result,697.666573847672,1048576,1
417,LINK,0,6,App_2,2.1716488025510645,M.Result,697.7555093841378,1048576,2
418,LINK,1,0,App_0,1.7928481153916844,M.Action,700,1048576,0
419,LINK,3,0,App_1,2.0566045578320256,M.Action,700,1048576,1
420,LINK,5,0,App_2,2.1455400942977323,M.Action,700,1048576,2
418,LINK,0,2,App_0,2.224647080563478,M.Result,702.4028174052318,1048576,0
419,LINK,0,4,App_1,1.816899782895167,M.Result,702.666573847672,1048576,1
420,LINK,0,6,App_2,2.1716488025510645,M.Result,702.7555093841378,1048576,2
421,LINK,1,0,App_0,1.7928481153916844,M.Action,705,1048576,0
422,LINK,3,0,App_1,2.0566045578320256,M.Action,705,1048576,1
423,LINK,5,0,App_2,2.1455400942977323,M.Action,705,1048576,2
421,LINK,0,2,App_0,2.224647080563478,M.Result,707.4028174052318,1048576,0
422,LINK,0,4,App_1,1.816899782895167,M.Result,707.666573847672,1048576,1
423,LINK,0,6,App_2,2.1716488025510645,M.Result,707.7555093841378,1048576,2
424,LINK,1,0,App_0,1.7928481153916844,M.Action,710,1048576,0
425,LINK,3,0,App_1,2.0566045578320256,M.Action,710,1048576,1
426,LINK,5,0,App_2,2.1455400942977323,M.Action,710,1048576,2
424,LINK,0,2,App_0,2.224647080563478,M.Result,712.4028174052318,1048576,0
425,LINK,0,4,App_1,1.816899782895167,M.Result,712.666573847672,1048576,1
426,LINK,0,6,App_2,2.1716488025510645,M.Result,712.7555093841378,1048576,2
427,LINK,1,0,App_0,1.7928481153916844,M.Action,715,1048576,0
428,LINK,3,0,App_1,2.0566045578320256,M.Action,715,1048576,1
429,LINK,5,0,App_2,2.1455400942977323,M.Action,715,1048576,2
427,LINK,0,2,App_0,2.224647080563478,M.Result,717.4028174052318,1048576,0
428,LINK,0,4,App_1,1.816899782895167,M.Result,717.666573847672,1048576,1
429,LINK,0,6,App_2,2.1716488025510645,M.Result,717.7555093841378,1048576,2
430,LINK,1,0,App_0,1.7928481153916844,M.Action,720,1048576,0
431,LINK,3,0,App_1,2.0566045578320256,M.Action,720,1048576,1
432,LINK,5,0,App_2,2.1455400942977323,M.Action,720,1048576,2
430,LINK,0,2,App_0,2.224647080563478,M.Result,722.4028174052318,1048576,0
431,LINK,0,4,App_1,1.816899782895167,M.Result,722.666573847672,1048576,1
432,LINK,0,6,App_2,2.1716488025510645,M.Result,722.7555093841378,1048576,2
433,LINK,1,0,App_0,1.7928481153916844,M.Action,725,1048576,0
434,LINK,3,0,App_1,2.0566045578320256,M.Action,725,1048576,1
435,LINK,5,0,App_2,2.1455400942977323,M.Action,725,1048576,2
433,LINK,0,2,App_0,2.224647080563478,M.Result,727.4028174052318,1048576,0
434,LINK,0,4,App_1,1.816899782895167,M.Result,727.666573847672,1048576,1
435,LINK,0,6,App_2,2.1716488025510645,M.Result,727.7555093841378,1048576,2
436,LINK,1,0,App_0,1.7928481153916844,M.Action,730,1048576,0
437,LINK,3,0,App_1,2.0566045578320256,M.Action,730,1048576,1
438,LINK,5,0,App_2,2.1455400942977323,M.Action,730,1048576,2
436,LINK,0,2,App_0,2.224647080563478,M.Result,732.4028174052318,1048576,0
437,LINK,0,4,App_1,1.816899782895167,M.Result,732.666573847672,1048576,1
438,LINK,0,6,App_2,2.1716488025510645,M.Result,732.7555093841378,1048576,2
439,LINK,1,0,App_0,1.7928481153916844,M.Action,735,1048576,0
440,LINK,3,0,App_1,2.0566045578320256,M.Action,735,1048576,1
441,LINK,5,0,App_2,2.1455400942977323,M.Action,735,1048576,2
439,LINK,0,2,App_0,2.224647080563478,M.Result,737.4028174052318,1048576,0
440,LINK,0,4,App_1,1.816899782895167,M.Result,737.666573847672,1048576,1
441,LINK,0,6,App_2,2.1716488025510645,M.Result,737.7555093841378,1048576,2
442,LINK,1,0,App_0,1.7928481153916844,M.Action,740,1048576,0
443,LINK,3,0,App_1,2.0566045578320256,M.Action,740,1048576,1
444,LINK,5,0,App_2,2.1455400942977323,M.Action,740,1048576,2
442,LINK,0,2,App_0,2.224647080563478,M.Result,742.4028174052318,1048576,0
443,LINK,0,4,App_1,1.816899782895167,M.Result,742.666573847672,1048576,1
444,LINK,0,6,App_2,2.1716488025510645,M.Result,742.7555093841378,1048576,2
445,LINK,1,0,App_0,1.7928481153916844,M.Action,745,1048576,0
446,LINK,3,0,App_1,2.0566045578320256,M.Action,745,1048576,1
447,LINK,5,0,App_2,2.1455400942977323,M.Action,745,1048576,2
445,LINK,0,2,App_0,2.224647080563478,M.Result,747.4028174052318,1048576,0
446,LINK,0,4,App_1,1.816899782895167,M.Result,747.666573847672,1048576,1
447,LINK,0,6,App_2,2.1716488025510645,M.Result,747.7555093841378,1048576,2
448,LINK,1,0,App_0,1.7928481153916844,M.Action,750,1048576,0
449,LINK,3,0,App_1,2.0566045578320256,M.Action,750,1048576,1
450,LINK,5,0,App_2,2.1455400942977323,M.Action,750,1048576,2
448,LINK,0,2,App_0,2.224647080563478,M.Result,752.4028174052318,1048576,0
449,LINK,0,4,App_1,1.816899782895167,M.Result,752.666573847672,1048576,1
450,LINK,0,6,App_2,2.1716488025510645,M.Result,752.7555093841378,1048576,2
451,LINK,1,0,App_0,1.7928481153916844,M.Action,755,1048576,0
452,LINK,3,0,App_1,2.0566045578320256,M.Action,755,1048576,1
453,LINK,5,0,App_2,2.1455400942977323,M.Action,755,1048576,2
451,LINK,0,2,App_0,2.224647080563478,M.Result,757.4028174052318,1048576,0
452,LINK,0,4,App_1,1.816899782895167,M.Result,757.666573847672,1048576,1
453,LINK,0,6,App_2,2.1716488025510645,M.Result,757.7555093841378,1048576,2
454,LINK,1,0,App_0,1.7928481153916844,M.Action,760,1048576,0
455,LINK,3,0,App_1,2.0566045578320256,M.Action,760,1048576,1
456,LINK,5,0,App_2,2.1455400942977323,M.Action,760,1048576,2
454,LINK,0,2,App_0,2.224647080563478,M.Result,762.4028174052318,1048576,0
455,LINK,0,4,App_1,1.816899782895167,M.Result,762.666573847672,1048576,1
456,LINK,0,6,App_2,2.1716488025510645,M.Result,762.7555093841378,1048576,2
457,LINK,1,0,App_0,1.7928481153916844,M.Action,765,1048576,0
458,LINK,3,0,App_1,2.0566045578320256,M.Action,765,1048576,1
459,LINK,5,0,App_2,2.1455400942977323,M.Action,765,1048576,2
457,LINK,0,2,App_0,2.224647080563478,M.Result,767.4028174052318,1048576,0
458,LINK,0,4,App_1,1.816899782895167,M.Result,767.666573847672,1048576,1
459,LINK,0,6,App_2,2.1716488025510645,M.Result,767.7555093841378,1048576,2
460,LINK,1,0,App_0,1.7928481153916844,M.Action,770,1048576,0
461,LINK,3,0,App_1,2.0566045578320256,M.Action,770,1048576,1
462,LINK,5,0,App_2,2.1455400942977323,M.Action,770,1048576,2
460,LINK,0,2,App_0,2.224647080563478,M.Result,772.4028174052318,1048576,0
461,LINK,0,4,App_1,1.816899782895167,M.Result,772.666573847672,1048576,1
462,LINK,0,6,App_2,2.1716488025510645,M.Result,772.7555093841378,1048576,2
463,LINK,1,0,App_0,1.7928481153916844,M.Action,775,1048576,0
464,LINK,3,0,App_1,2.0566045578320256,M.Action,775,1048576,1
465,LINK,5,0,App_2,2.1455400942977323,M.Action,775,1048576,2
463,LINK,0,2,App_0,2.224647080563478,M.Result,777.4028174052318,1048576,0
464,LINK,0,4,App_1,1.816899782895167,M.Result,777.666573847672,1048576,1
465,LINK,0,6,App_2,2.1716488025510645,M.Result,777.7555093841378,1048576,2
466,LINK,1,0,App_0,1.7928481153916844,M.Action,780,1048576,0
467,LINK,3,0,App_1,2.0566045578320256,M.Action,780,1048576,1
468,LINK,5,0,App_2,2.1455400942977323,M.Action,780,1048576,2
466,LINK,0,2,App_0,2.224647080563478,M.Result,782.4028174052318,1048576,0
467,LINK,0,4,App_1,1.816899782895167,M.Result,782.666573847672,1048576,1
468,LINK,0,6,App_2,2.1716488025510645,M.Result,782.7555093841378,1048576,2
469,LINK,1,0,App_0,1.7928481153916844,M.Action,785,1048576,0
470,LINK,3,0,App_1,2.0566045578320256,M.Action,785,1048576,1
471,LINK,5,0,App_2,2.1455400942977323,M.Action,785,1048576,2
469,LINK,0,2,App_0,2.224647080563478,M.Result,787.4028174052318,1048576,0
470,LINK,0,4,App_1,1.816899782895167,M.Result,787.666573847672,1048576,1
471,LINK,0,6,App_2,2.1716488025510645,M.Result,787.7555093841378,1048576,2
472,LINK,1,0,App_0,1.7928481153916844,M.Action,790,1048576,0
473,LINK,3,0,App_1,2.0566045578320256,M.Action,790,1048576,1
474,LINK,5,0,App_2,2.1455400942977323,M.Action,790,1048576,2
472,LINK,0,2,App_0,2.224647080563478,M.Result,792.4028174052318,1048576,0
473,LINK,0,4,App_1,1.816899782895167,M.Result,792.666573847672,1048576,1
474,LINK,0,6,App_2,2.1716488025510645,M.Result,792.7555093841378,1048576,2
475,LINK,1,0,App_0,1.7928481153916844,M.Action,795,1048576,0
476,LINK,3,0,App_1,2.0566045578320256,M.Action,795,1048576,1
477,LINK,5,0,App_2,2.1455400942977323,M.Action,795,1048576,2
475,LINK,0,2,App_0,2.224647080563478,M.Result,797.4028174052318,1048576,0
476,LINK,0,4,App_1,1.816899782895167,M.Result,797.666573847672,1048576,1
477,LINK,0,6,App_2,2.1716488025510645,M.Result,797.7555093841378,1048576,2
478,LINK,1,0,App_0,1.7928481153916844,M.Action,800,1048576,0
479,LINK,3,0,App_1,2.0566045578320256,M.Action,800,1048576,1
480,LINK,5,0,App_2,2.1455400942977323,M.Action,800,1048576,2
478,LINK,0,2,App_0,2.224647080563478,M.Result,802.4028174052318,1048576,0
479,LINK,0,4,App_1,1.816899782895167,M.Result,802.666573847672,1048576,1
480,LINK,0,6,App_2,2.1716488025510645,M.Result,802.7555093841378,1048576,2
481,LINK,1,0,App_0,1.7928481153916844,M.Action,805,1048576,0
482,LINK,3,0,App_1,2.0566045578320256,M.Action,805,1048576,1
483,LINK,5,0,App_2,2.1455400942977323,M.Action,805,1048576,2
481,LINK,0,2,App_0,2.224647080563478,M.Result,807.4028174052318,1048576,0
482,LINK,0,4,App_1,1.816899782895167,M.Result,807.666573847672,1048576,1
483,LINK,0,6,App_2,2.1716488025510645,M.Result,807.7555093841378,1048576,2
484,LINK,1,0,App_0,1.7928481153916844,M.Action,810,1048576,0
485,LINK,3,0,App_1,2.0566045578320256,M.Action,810,1048576,1
486,LINK,5,0,App_2,2.1455400942977323,M.Action,810,1048576,2
484,LINK,0,2,App_0,2.224647080563478,M.Result,812.4028174052318,1048576,0
485,LINK,0,4,App_1,1.816899782895167,M.Result,812.666573847672,1048576,1
486,LINK,0,6,App_2,2.1716488025510645,M.Result,812.7555093841378,1048576,2
487,LINK,1,0,App_0,1.7928481153916844,M.Action,815,1048576,0
488,LINK,3,0,App_1,2.0566045578320256,M.Action,815,1048576,1
489,LINK,5,0,App_2,2.1455400942977323,M.Action,815,1048576,2
487,LINK,0,2,App_0,2.224647080563478,M.Result,817.4028174052318,1048576,0
488,LINK,0,4,App_1,1.816899782895167,M.Result,817.666573847672,1048576,1
489,LINK,0,6,App_2,2.1716488025510645,M.Result,817.7555093841378,1048576,2
490,LINK,1,0,App_0,1.7928481153916844,M.Action,820,1048576,0
491,LINK,3,0,App_1,2.0566045578320256,M.Action,820,1048576,1
492,LINK,5,0,App_2,2.1455400942977323,M.Action,820,1048576,2
490,LINK,0,2,App_0,2.224647080563478,M.Result,822.4028174052318,1048576,0
491,LINK,0,4,App_1,1.816899782895167,M.Result,822.666573847672,1048576,1
492,LINK,0,6,App_2,2.1716488025510645,M.Result,822.7555093841378,1048576,2
493,LINK,1,0,App_0,1.7928481153916844,M.Action,825,1048576,0
494,LINK,3,0,App_1,2.0566045578320256,M.Action,825,1048576,1
495,LINK,5,0,App_2,2.1455400942977323,M.Action,825,1048576,2
493,LINK,0,2,App_0,2.224647080563478,M.Result,827.4028174052318,1048576,0
494,LINK,0,4,App_1,1.816899782895167,M.Result,827.666573847672,1048576,1
495,LINK,0,6,App_2,2.1716488025510645,M.Result,827.7555093841378,1048576,2
496,LINK,1,0,App_0,1.7928481153916844,M.Action,830,1048576,0
497,LINK,3,0,App_1,2.0566045578320256,M.Action,830,1048576,1
498,LINK,5,0,App_2,2.1455400942977323,M.Action,830,1048576,2
496,LINK,0,2,App_0,2.224647080563478,M.Result,832.4028174052318,1048576,0
497,LINK,0,4,App_1,1.816899782895167,M.Result,832.666573847672,1048576,1
498,LINK,0,6,App_2,2.1716488025510645,M.Result,832.7555093841378,1048576,2
499,LINK,1,0,App_0,1.7928481153916844,M.Action,835,1048576,0
500,LINK,3,0,App_1,2.0566045578320256,M.Action,835,1048576,1
501,LINK,5,0,App_2,2.1455400942977323,M.Action,835,1048576,2
499,LINK,0,2,App_0,2.224647080563478,M.Result,837.4028174052318,1048576,0
500,LINK,0,4,App_1,1.816899782895167,M.Result,837.666573847672,1048576,1
501,LINK,0,6,App_2,2.1716488025510645,M.Result,837.7555093841378,1048576,2
502,LINK,1,0,App_0,1.7928481153916844,M.Action,840,1048576,0
503,LINK,3,0,App_1,2.0566045578320256,M.Action,840,1048576,1
504,LINK,5,0,App_2,2.1455400942977323,M.Action,840,1048576,2
502,LINK,0,2,App_0,2.224647080563478,M.Result,842.4028174052318,1048576,0
503,LINK,0,4,App_1,1.816899782895167,M.Result,842.666573847672,1048576,1
504,LINK,0,6,App_2,2.1716488025510645,M.Result,842.7555093841378,1048576,2
505,LINK,1,0,App_0,1.7928481153916844,M.Action,845,1048576,0
506,LINK,3,0,App_1,2.0566045578320256,M.Action,845,1048576,1
507,LINK,5,0,App_2,2.1455400942977323,M.Action,845,1048576,2
505,LINK,0,2,App_0,2.224647080563478,M.Result,847.4028174052318,1048576,0
506,LINK,0,4,App_1,1.816899782895167,M.Result,847.666573847672,1048576,1
507,LINK,0,6,App_2,2.1716488025510645,M.Result,847.7555093841378,1048576,2
508,LINK,1,0,App_0,1.7928481153916844,M.Action,850,1048576,0
509,LINK,3,0,App_1,2.0566045578320256,M.Action,850,1048576,1
510,LINK,5,0,App_2,2.1455400942977323,M.Action,850,1048576,2
508,LINK,0,2,App_0,2.224647080563478,M.Result,852.4028174052318,1048576,0
509,LINK,0,4,App_1,1.816899782895167,M.Result,852.666573847672,1048576,1
510,LINK,0,6,App_2,2.1716488025510645,M.Result,852.7555093841378,1048576,2
511,LINK,1,0,App_0,1.7928481153916844,M.Action,855,1048576,0
512,LINK,3,0,App_1,2.0566045578320256,M.Action,855,1048576,1
513,LINK,5,0,App_2,2.1455400942977323,M.Action,855,1048576,2
511,LINK,0,2,App_0,2.224647080563478,M.Result,857.4028174052318,1048576,0
512,LINK,0,4,App_1,1.816899782895167,M.Result,857.666573847672,1048576,1
513,LINK,0,6,App_2,2.1716488025510645,M.Result,857.7555093841378,1048576,2
514,LINK,1,0,App_0,1.7928481153916844,M.Action,860,1048576,0
515,LINK,3,0,App_1,2.0566045578320256,M.Action,860,1048576,1
516,LINK,5,0,App_2,2.1455400942977323,M.Action,860,1048576,2
514,LINK,0,2,App_0,2.224647080563478,M.Result,862.4028174052318,1048576,0
515,LINK,0,4,App_1,1.816899782895167,M.Result,862.666573847672,1048576,1
516,LINK,0,6,App_2,2.1716488025510645,M.Result,862.7555093841378,1048576,2
517,LINK,1,0,App_0,1.7928481153916844,M.Action,865,1048576,0
518,LINK,3,0,App_1,2.0566045578320256,M.Action,865,1048576,1
519,LINK,5,0,App_2,2.1455400942977323,M.Action,865,1048576,2
517,LINK,0,2,App_0,2.224647080563478,M.Result,867.4028174052318,1048576,0
518,LINK,0,4,App_1,1.816899782895167,M.Result,867.666573847672,1048576,1
519,LINK,0,6,App_2,2.1716488025510645,M.Result,867.7555093841378,1048576,2
520,LINK,1,0,App_0,1.7928481153916844,M.Action,870,1048576,0
521,LINK,3,0,App_1,2.0566045578320256,M.Action,870,1048576,1
522,LINK,5,0,App_2,2.1455400942977323,M.Action,870,1048576,2
520,LINK,0,2,App_0,2.224647080563478,M.Result,872.4028174052318,1048576,0
521,LINK,0,4,App_1,1.816899782895167,M.Result,872.666573847672,1048576,1
522,LINK,0,6,App_2,2.1716488025510645,M.Result,872.7555093841378,1048576,2
523,LINK,1,0,App_0,1.7928481153916844,M.Action,875,1048576,0
524,LINK,3,0,App_1,2.0566045578320256,M.Action,875,1048576,1
525,LINK,5,0,App_2,2.1455400942977323,M.Action,875,1048576,2
523,LINK,0,2,App_0,2.224647080563478,M.Result,877.4028174052318,1048576,0
524,LINK,0,4,App_1,1.816899782895167,M.Result,877.666573847672,1048576,1
525,LINK,0,6,App_2,2.1716488025510645,M.Result,877.7555093841378,1048576,2
526,LINK,1,0,App_0,1.7928481153916844,M.Action,880,1048576,0
527,LINK,3,0,App_1,2.0566045578320256,M.Action,880,1048576,1
528,LINK,5,0,App_2,2.1455400942977323,M.Action,880,1048576,2
526,LINK,0,2,App_0,2.224647080563478,M.Result,882.4028174052318,1048576,0
527,LINK,0,4,App_1,1.816899782895167,M.Result,882.666573847672,1048576,1
528,LINK,0,6,App_2,2.1716488025510645,M.Result,882.7555093841378,1048576,2
529,LINK,1,0,App_0,1.7928481153916844,M.Action,885,1048576,0
530,LINK,3,0,App_1,2.0566045578320256,M.Action,885,1048576,1
531,LINK,5,0,App_2,2.1455400942977323,M.Action,885,1048576,2
529,LINK,0,2,App_0,2.224647080563478,M.Result,887.4028174052318,1048576,0
530,LINK,0,4,App_1,1.816899782895167,M.Result,887.666573847672,1048576,1
531,LINK,0,6,App_2,2.1716488025510645,M.Result,887.7555093841378,1048576,2
532,LINK,1,0,App_0,1.7928481153916844,M.Action,890,1048576,0
533,LINK,3,0,App_1,2.0566045578320256,M.Action,890,1048576,1
534,LINK,5,0,App_2,2.1455400942977323,M.Action,890,1048576,2
532,LINK,0,2,App_0,2.224647080563478,M.Result,892.4028174052318,1048576,0
533,LINK,0,4,App_1,1.816899782895167,M.Result,892.666573847672,1048576,1
534,LINK,0,6,App_2,2.1716488025510645,M.Result,892.7555093841378,1048576,2
535,LINK,1,0,App_0,1.7928481153916844,M.Action,895,1048576,0
536,LINK,3,0,App_1,2.0566045578320256,M.Action,895,1048576,1
537,LINK,5,0,App_2,2.1455400942977323,M.Action,895,1048576,2
535,LINK,0,2,App_0,2.224647080563478,M.Result,897.4028174052318,1048576,0
536,LINK,0,4,App_1,1.816899782895167,M.Result,897.666573847672,1048576,1
537,LINK,0,6,App_2,2.1716488025510645,M.Result,897.7555093841378,1048576,2
538,LINK,1,0,App_0,1.7928481153916844,M.Action,900,1048576,0
539,LINK,3,0,App_1,2.0566045578320256,M.Action,900,1048576,1
540,LINK,5,0,App_2,2.1455400942977323,M.Action,900,1048576,2
538,LINK,0,2,App_0,2.224647080563478,M.Result,902.4028174052318,1048576,0
539,LINK,0,4,App_1,1.816899782895167,M.Result,902.666573847672,1048576,1
540,LINK,0,6,App_2,2.1716488025510645,M.Result,902.7555093841378,1048576,2
541,LINK,1,0,App_0,1.7928481153916844,M.Action,905,1048576,0
542,LINK,3,0,App_1,2.0566045578320256,M.Action,905,1048576,1
543,LINK,5,0,App_2,2.1455400942977323,M.Action,905,1048576,2
541,LINK,0,2,App_0,2.224647080563478,M.Result,907.4028174052318,1048576,0
542,LINK,0,4,App_1,1.816899782895167,M.Result,907.666573847672,1048576,1
543,LINK,0,6,App_2,2.1716488025510645,M.Result,907.7555093841378,1048576,2
544,LINK,1,0,App_0,1.7928481153916844,M.Action,910,1048576,0
545,LINK,3,0,App_1,2.0566045578320256,M.Action,910,1048576,1
546,LINK,5,0,App_2,2.1455400942977323,M.Action,910,1048576,2
544,LINK,0,2,App_0,2.224647080563478,M.Result,912.4028174052318,1048576,0
545,LINK,0,4,App_1,1.816899782895167,M.Result,912.666573847672,1048576,1
546,LINK,0,6,App_2,2.1716488025510645,M.Result,912.7555093841378,1048576,2
547,LINK,1,0,App_0,1.7928481153916844,M.Action,915,1048576,0
548,LINK,3,0,App_1,2.0566045578320256,M.Action,915,1048576,1
549,LINK,5,0,App_2,2.1455400942977323,M.Action,915,1048576,2
547,LINK,0,2,App_0,2.224647080563478,M.Result,917.4028174052318,1048576,0
548,LINK,0,4,App_1,1.816899782895167,M.Result,917.666573847672,1048576,1
549,LINK,0,6,App_2,2.1716488025510645,M.Result,917.7555093841378,1048576,2
550,LINK,1,0,App_0,1.7928481153916844,M.Action,920,1048576,0
551,LINK,3,0,App_1,2.0566045578320256,M.Action,920,1048576,1
552,LINK,5,0,App_2,2.1455400942977323,M.Action,920,1048576,2
550,LINK,0,2,App_0,2.224647080563478,M.Result,922.4028174052318,1048576,0
551,LINK,0,4,App_1,1.816899782895167,M.Result,922.666573847672,1048576,1
552,LINK,0,6,App_2,2.1716488025510645,M.Result,922.7555093841378,1048576,2
553,LINK,1,0,App_0,1.7928481153916844,M.Action,925,1048576,0
554,LINK,3,0,App_1,2.0566045578320256,M.Action,925,1048576,1
555,LINK,5,0,App_2,2.1455400942977323,M.Action,925,1048576,2
553,LINK,0,2,App_0,2.224647080563478,M.Result,927.4028174052318,1048576,0
554,LINK,0,4,App_1,1.816899782895167,M.Result,927.666573847672,1048576,1
555,LINK,0,6,App_2,2.1716488025510645,M.Result,927.7555093841378,1048576,2
556,LINK,1,0,App_0,1.7928481153916844,M.Action,930,1048576,0
557,LINK,3,0,App_1,2.0566045578320256,M.Action,930,1048576,1
558,LINK,5,0,App_2,2.1455400942977323,M.Action,930,1048576,2
556,LINK,0,2,App_0,2.224647080563478,M.Result,932.4028174052318,1048576,0
557,LINK,0,4,App_1,1.816899782895167,M.Result,932.666573847672,1048576,1
558,LINK,0,6,App_2,2.1716488025510645,M.Result,932.7555093841378,1048576,2
559,LINK,1,0,App_0,1.7928481153916844,M.Action,935,1048576,0
560,LINK,3,0,App_1,2.0566045578320256,M.Action,935,1048576,1
561,LINK,5,0,App_2,2.1455400942977323,M.Action,935,1048576,2
559,LINK,0,2,App_0,2.224647080563478,M.Result,937.4028174052318,1048576,0
560,LINK,0,4,App_1,1.816899782895167,M.Result,937.666573847672,1048576,1
561,LINK,0,6,App_2,2.1716488025510645,M.Result,937.7555093841378,1048576,2
562,LINK,1,0,App_0,1.7928481153916844,M.Action,940,1048576,0
563,LINK,3,0,App_1,2.0566045578320256,M.Action,940,1048576,1
564,LINK,5,0,App_2,2.1455400942977323,M.Action,940,1048576,2
562,LINK,0,2,App_0,2.224647080563478,M.Result,942.4028174052318,1048576,0
563,LINK,0,4,App_1,1.816899782895167,M.Result,942.666573847672,1048576,1
564,LINK,0,6,App_2,2.1716488025510645,M.Result,942.7555093841378,1048576,2
565,LINK,1,0,App_0,1.7928481153916844,M.Action,945,1048576,0
566,LINK,3,0,App_1,2.0566045578320256,M.Action,945,1048576,1
567,LINK,5,0,App_2,2.1455400942977323,M.Action,945,1048576,2
565,LINK,0,2,App_0,2.224647080563478,M.Result,947.4028174052318,1048576,0
566,LINK,0,4,App_1,1.816899782895167,M.Result,947.666573847672,1048576,1
567,LINK,0,6,App_2,2.1716488025510645,M.Result,947.7555093841378,1048576,2
568,LINK,1,0,App_0,1.7928481153916844,M.Action,950,1048576,0
569,LINK,3,0,App_1,2.0566045578320256,M.Action,950,1048576,1
570,LINK,5,0,App_2,2.1455400942977323,M.Action,950,1048576,2
568,LINK,0,2,App_0,2.224647080563478,M.Result,952.4028174052318,1048576,0
569,LINK,0,4,App_1,1.816899782895167,M.Result,952.666573847672,1048576,1
570,LINK,0,6,App_2,2.1716488025510645,M.Result,952.7555093841378,1048576,2
571,LINK,1,0,App_0,1.7928481153916844,M.Action,955,1048576,0
572,LINK,3,0,App_1,2.0566045578320256,M.Action,955,1048576,1
573,LINK,5,0,App_2,2.1455400942977323,M.Action,955,1048576,2
571,LINK,0,2,App_0,2.224647080563478,M.Result,957.4028174052318,1048576,0
572,LINK,0,4,App_1,1.816899782895167,M.Result,957.666573847672,1048576,1
573,LINK,0,6,App_2,2.1716488025510645,M.Result,957.7555093841378,1048576,2
574,LINK,1,0,App_0,1.7928481153916844,M.Action,960,1048576,0
575,LINK,3,0,App_1,2.0566045578320256,M.Action,960,1048576,1
576,LINK,5,0,App_2,2.1455400942977323,M.Action,960,1048576,2
574,LINK,0,2,App_0,2.224647080563478,M.Result,962.4028174052318,1048576,0
575,LINK,0,4,App_1,1.816899782895167,M.Result,962.666573847672,1048576,1
576,LINK,0,6,App_2,2.1716488025510645,M.Result,962.7555093841378,1048576,2
577,LINK,1,0,App_0,1.7928481153916844,M.Action,965,1048576,0
578,LINK,3,0,App_1,2.0566045578320256,M.Action,965,1048576,1
579,LINK,5,0,App_2,2.1455400942977323,M.Action,965,1048576,2
577,LINK,0,2,App_0,2.224647080563478,M.Result,967.4028174052318,1048576,0
578,LINK,0,4,App_1,1.816899782895167,M.Result,967.666573847672,1048576,1
579,LINK,0,6,App_2,2.1716488025510645,M.Result,967.7555093841378,1048576,2
580,LINK,1,0,App_0,1.7928481153916844,M.Action,970,1048576,0
581,LINK,3,0,App_1,2.0566045578320256,M.Action,970,1048576,1
582,LINK,5,0,App_2,2.1455400942977323,M.Action,970,1048576,2
580,LINK,0,2,App_0,2.224647080563478,M.Result,972.4028174052318,1048576,0
581,LINK,0,4,App_1,1.816899782895167,M.Result,972.666573847672,1048576,1
582,LINK,0,6,App_2,2.1716488025510645,M.Result,972.7555093841378,1048576,2
583,LINK,1,0,App_0,1.7928481153916844,M.Action,975,1048576,0
584,LINK,3,0,App_1,2.0566045578320256,M.Action,975,1048576,1
585,LINK,5,0,App_2,2.1455400942977323,M.Action,975,1048576,2
583,LINK,0,2,App_0,2.224647080563478,M.Result,977.4028174052318,1048576,0
584,LINK,0,4,App_1,1.816899782895167,M.Result,977.666573847672,1048576,1
585,LINK,0,6,App_2,2.1716488025510645,M.Result,977.7555093841378,1048576,2
586,LINK,1,0,App_0,1.7928481153916844,M.Action,980,1048576,0
587,LINK,3,0,App_1,2.0566045578320256,M.Action,980,1048576,1
588,LINK,5,0,App_2,2.1455400942977323,M.Action,980,1048576,2
586,LINK,0,2,App_0,2.224647080563478,M.Result,982.4028174052318,1048576,0
587,LINK,0,4,App_1,1.816899782895167,M.Result,982.666573847672,1048576,1
588,LINK,0,6,App_2,2.1716488025510645,M.Result,982.7555093841378,1048576,2
589,LINK,1,0,App_0,1.7928481153916844,M.Action,985,1048576,0
590,LINK,3,0,App_1,2.0566045578320256,M.Action,985,1048576,1
591,LINK,5,0,App_2,2.1455400942977323,M.Action,985,1048576,2
589,LINK,0,2,App_0,2.224647080563478,M.Result,987.4028174052318,1048576,0
590,LINK,0,4,App_1,1.816899782895167,M.Result,987.666573847672,1048576,1
591,LINK,0,6,App_2,2.1716488025510645,M.Result,987.7555093841378,1048576,2
592,LINK,1,0,App_0,1.7928481153916844,M.Action,990,1048576,0
593,LINK,3,0,App_1,2.0566045578320256,M.Action,990,1048576,1
594,LINK,5,0,App_2,2.1455400942977323,M.Action,990,1048576,2
592,LINK,0,2,App_0,2.224647080563478,M.Result,992.4028174052318,1048576,0
593,LINK,0,4,App_1,1.816899782895167,M.Result,992.666573847672,1048576,1
594,LINK,0,6,App_2,2.1716488025510645,M.Result,992.7555093841378,1048576,2
595,LINK,1,0,App_0,1.7928481153916844,M.Action,995,1048576,0
596,LINK,3,0,App_1,2.0566045578320256,M.Action,995,1048576,1
597,LINK,5,0,App_2,2.1455400942977323,M.Action,995,1048576,2
595,LINK,0,2,App_0,2.224647080563478,M.Result,997.4028174052318,1048576,0
596,LINK,0,4,App_1,1.816899782895167,M.Result,997.666573847672,1048576,1
597,LINK,0,6,App_2,2.1716488025510645,M.Result,997.7555093841378,1048576,2
