id,type,app,module,message,DES.src,DES.dst,TOPO.src,TOPO.dst,module.src,service,time_in,time_out,time_emit,time_reception
1,SINK_M,App_0,Actuator,M.Action,2,1,0,1,Generator,0,4.4139738491782765,4.4139738491782765,3.0,4.4139738491782765
3,SINK_M,App_2,Actuator,M.Action,6,5,4,5,Generator,0,6.287861159865609,6.287861159865609,5.0,6.287861159865609
2,SINK_M,App_1,Actuator,M.Action,4,3,2,3,Generator,0,6.901920191409066,6.901920191409066,5.0,6.901920191409066
4,SINK_M,App_0,Actuator,M.Action,2,1,0,1,Generator,0,7.4139738491782765,7.4139738491782765,6.0,7.4139738491782765
5,SINK_M,App_0,Actuator,M.Action,2,1,0,1,Generator,0,10.413973849178277,10.413973849178277,9.0,10.413973849178277
7,SINK_M,App_2,Actuator,M.Action,6,5,4,5,Generator,0,11.287861159865608,11.287861159865608,10.0,11.287861159865608
6,SINK_M,App_1,Actuator,M.Action,4,3,2,3,Generator,0,11.901920191409065,11.901920191409065,10.0,11.901920191409065
8,SINK_M,App_0,Actuator,M.Action,2,1,0,1,Generator,0,13.413973849178277,13.413973849178277,12.0,13.413973849178277
10,SINK_M,App_2,Actuator,M.Action,6,5,4,5,Generator,0,16.28786115986561,16.28786115986561,15.0,16.28786115986561
11,SINK_M,App_0,Actuator,M.Action,2,1,0,1,Generator,0,16.413973849178277,16.413973849178277,15.0,16.413973849178277
9,SINK_M,App_1,Actuator,M.Action,4,3,2,3,Generator,0,16.901920191409065,16.901920191409065,15.0,16.901920191409065
12,SINK_M,App_0,Actuator,M.Action,2,1,0,1,Generator,0,19.413973849178277,19.413973849178277,18.0,19.413973849178277
14,SINK_M,App_2,Actuator,M.Action,6,5,4,5,Generator,0,21.28786115986561,21.28786115986561,20.0,21.28786115986561
13,SINK_M,App_1,Actuator,M.Action,4,3,2,3,Generator,0,21.901920191409065,21.901920191409065,20.0,21.901920191409065
15,SINK_M,App_0,Actuator,M.Action,2,1,0,1,Generator,0,22.413973849178277,22.413973849178277,21.0,22.413973849178277
16,SINK_M,App_0,Actuator,M.Action,2,1,0,1,Generator,0,25.413973849178277,25.413973849178277,24.0,25.413973849178277
18,SINK_M,App_2,Actuator,M.Action,6,5,4,5,Generator,0,26.28786115986561,26.28786115986561,25.0,26.28786115986561
17,SINK_M,App_1,Actuator,M.Action,4,3,2,3,Generator,0,26.901920191409065,26.901920191409065,25.0,26.901920191409065
19,SINK_M,App_0,Actuator,M.Action,2,1,0,1,Generator,0,28.413973849178277,28.413973849178277,27.0,28.413973849178277
21,SINK_M,App_2,Actuator,M.Action,6,5,4,5,Generator,0,31.28786115986561,31.28786115986561,30.0,31.28786115986561
22,SINK_M,App_0,Actuator,M.Action,2,1,0,1,Generator,0,31.413973849178277,31.413973849178277,30.0,31.413973849178277
20,SINK_M,App_1,Actuator,M.Action,4,3,2,3,Generator,0,31.901920191409065,31.901920191409065,30.0,31.901920191409065
23,SINK_M,App_0,Actuator,M.Action,2,1,0,1,Generator,0,34.41397384917828,34.41397384917828,33.0,34.41397384917828
25,SINK_M,App_2,Actuator,M.Action,6,5,4,5,Generator,0,36.28786115986561,36.28786115986561,35.0,36.28786115986561
24,SINK_M,App_1,Actuator,M.Action,4,3,2,3,Generator,0,36.90192019140907,36.90192019140907,35.0,36.90192019140907
26,SINK_M,App_0,Actuator,M.Action,2,1,0,1,Generator,0,37.41397384917828,37.41397384917828,36.0,37.41397384917828
27,SINK_M,App_0,Actuator,M.Action,2,1,0,1,Generator,0,40.41397384917828,40.41397384917828,39.0,40.41397384917828
29,SINK_M,App_2,Actuator,M.Action,6,5,4,5,Generator,0,41.28786115986561,41.28786115986561,40.0,41.28786115986561
28,SINK_M,App_1,Actuator,M.Action,4,3,2,3,Generator,0,41.90192019140907,41.90192019140907,40.0,41.90192019140907
30,SINK_M,App_0,Actuator,M.Action,2,1,0,1,Generator,0,43.41397384917828,43.41397384917828,42.0,43.41397384917828
32,SINK_M,App_2,Actuator,M.Action,6,5,4,5,Generator,0,46.28786115986561,46.28786115986561,45.0,46.28786115986561
33,SINK_M,App_0,Actuator,M.Action,2,1,0,1,Generator,0,46.41397384917828,46.41397384917828,45.0,46.41397384917828
31,SINK_M,App_1,Actuator,M.Action,4,3,2,3,Generator,0,46.90192019140907,46.90192019140907,45.0,46.90192019140907
34,SINK_M,App_0,Actuator,M.Action,2,1,0,1,Generator,0,49.41397384917828,49.41397384917828,48.0,49.41397384917828
36,SINK_M,App_2,Actuator,M.Action,6,5,4,5,Generator,0,51.28786115986561,51.28786115986561,50.0,51.28786115986561
35,SINK_M,App_1,Actuator,M.Action,4,3,2,3,Generator,0,51.90192019140907,51.90192019140907,50.0,51.90192019140907
40,SINK_M,App_2,Actuator,M.Action,6,5,4,5,Generator,0,56.28786115986561,56.28786115986561,55.0,56.28786115986561
37,SINK_M,App_0,Actuator,M.Action,2,1,0,1,Generator,0,56.973375566494866,56.973375566494866,51.0,56.973375566494866
39,SINK_M,App_1,Actuator,M.Action,4,3,2,3,Generator,0,57.11858959364282,57.11858959364282,55.0,57.11858959364282
38,SINK_M,App_0,Actuator,M.Action,2,1,0,1,Generator,0,60.777215949313,60.777215949313,54.0,60.777215949313
43,SINK_M,App_2,Actuator,M.Action,6,5,4,5,Generator,0,61.28786115986561,61.28786115986561,60.0,61.28786115986561
41,SINK_M,App_0,Actuator,M.Action,2,1,0,1,Generator,0,62.973375566494866,62.973375566494866,57.0,62.973375566494866
42,SINK_M,App_1,Actuator,M.Action,4,3,2,3,Generator,0,63.11858959364282,63.11858959364282,60.0,63.11858959364282
47,SINK_M,App_2,Actuator,M.Action,6,5,4,5,Generator,0,66.28786115986561,66.28786115986561,65.0,66.28786115986561
44,SINK_M,App_0,Actuator,M.Action,2,1,0,1,Generator,0,66.777215949313,66.777215949313,60.0,66.777215949313
46,SINK_M,App_1,Actuator,M.Action,4,3,2,3,Generator,0,66.92242997646095,66.92242997646095,65.0,66.92242997646095
45,SINK_M,App_0,Actuator,M.Action,2,1,0,1,Generator,0,70.58105633213113,70.58105633213113,63.0,70.58105633213113
51,SINK_M,App_2,Actuator,M.Action,6,5,4,5,Generator,0,71.28786115986561,71.28786115986561,70.0,71.28786115986561
48,SINK_M,App_0,Actuator,M.Action,2,1,0,1,Generator,0,72.48297652354019,72.48297652354019,66.0,72.48297652354019
50,SINK_M,App_1,Actuator,M.Action,4,3,2,3,Generator,0,72.62819055068813,72.62819055068813,70.0,72.62819055068813
49,SINK_M,App_0,Actuator,M.Action,2,1,0,1,Generator,0,76.28681690635831,76.28681690635831,69.0,76.28681690635831
54,SINK_M,App_2,Actuator,M.Action,6,5,4,5,Generator,0,76.28786115986561,76.28786115986561,75.0,76.28786115986561
52,SINK_M,App_0,Actuator,M.Action,2,1,0,1,Generator,0,78.18873709776737,78.18873709776737,72.0,78.18873709776737
53,SINK_M,App_1,Actuator,M.Action,4,3,2,3,Generator,0,78.33395112491532,78.33395112491532,75.0,78.33395112491532
58,SINK_M,App_2,Actuator,M.Action,6,5,4,5,Generator,0,81.28786115986561,81.28786115986561,80.0,81.28786115986561
55,SINK_M,App_0,Actuator,M.Action,2,1,0,1,Generator,0,81.9925774805855,81.9925774805855,75.0,81.9925774805855
57,SINK_M,App_1,Actuator,M.Action,4,3,2,3,Generator,0,82.13779150773344,82.13779150773344,80.0,82.13779150773344
56,SINK_M,App_0,Actuator,M.Action,2,1,0,1,Generator,0,85.79641786340362,85.79641786340362,78.0,85.79641786340362
62,SINK_M,App_2,Actuator,M.Action,6,5,4,5,Generator,0,86.28786115986561,86.28786115986561,85.0,86.28786115986561
59,SINK_M,App_0,Actuator,M.Action,2,1,0,1,Generator,0,87.69833805481268,87.69833805481268,81.0,87.69833805481268
61,SINK_M,App_1,Actuator,M.Action,4,3,2,3,Generator,0,87.84355208196062,87.84355208196062,85.0,87.84355208196062
65,SINK_M,App_2,Actuator,M.Action,6,5,4,5,Generator,0,91.28786115986561,91.28786115986561,90.0,91.28786115986561
60,SINK_M,App_0,Actuator,M.Action,2,1,0,1,Generator,0,91.5021784376308,91.5021784376308,84.0,91.5021784376308
63,SINK_M,App_0,Actuator,M.Action,2,1,0,1,Generator,0,93.40409862903986,93.40409862903986,87.0,93.40409862903986
64,SINK_M,App_1,Actuator,M.Action,4,3,2,3,Generator,0,93.54931265618781,93.54931265618781,90.0,93.54931265618781
69,SINK_M,App_2,Actuator,M.Action,6,5,4,5,Generator,0,96.28786115986561,96.28786115986561,95.0,96.28786115986561
66,SINK_M,App_0,Actuator,M.Action,2,1,0,1,Generator,0,97.20793901185799,97.20793901185799,90.0,97.20793901185799
68,SINK_M,App_1,Actuator,M.Action,4,3,2,3,Generator,0,97.35315303900593,97.35315303900593,95.0,97.35315303900593
